datetime,S&P 500,Nasdaq,US 10Y,VIX,BTCUSD,DVOL
2024-07-29 19:30:00,5471.82,19144.9781,4.178,16.94,69266.64,55.47
2024-07-29 20:30:00,5457.74,19041.6598,4.174,16.9,68206.67,53.99
2024-07-29 21:30:00,5477.01,19153.5901,4.178,17.07,68078.3,52.88
2024-07-29 22:30:00,5470.63,19115.2502,4.176,16.45,66924.0,52.74
2024-07-29 23:30:00,5466.34,19072.883,4.178,16.39,67002.68,52.82
2024-07-30 00:30:00,5471.02,19092.0118,4.167,16.45,67411.99,52.8
2024-07-30 01:30:00,5463.55,19059.4867,4.172,16.29,67297.37,52.67
2024-07-30 19:30:00,5466.28,19024.771,4.174,16.35,66371.71,50.52
2024-07-30 20:30:00,5438.47,18884.0608,4.167,16.98,65777.1,50.37
2024-07-30 21:30:00,5424.28,18793.7788,4.163,17.58,66190.86,50.28
2024-07-30 22:30:00,5421.05,18764.3082,4.145,17.42,66154.64,50.28
2024-07-30 23:30:00,5435.62,18829.6166,4.139,17.55,65842.01,50.3
2024-07-31 00:30:00,5433.26,18791.3544,4.143,17.24,65790.93,50.24
2024-07-31 01:30:00,5436.45,18796.2733,4.143,17.31,65891.91,50.24
2024-07-31 19:30:00,5519.38,19289.4255,4.093,16.41,66488.99,49.67
2024-07-31 20:30:00,5528.27,19341.3218,4.103,16.27,66426.16,49.51
2024-07-31 21:30:00,5522.43,19303.5898,4.101,16.26,66361.61,49.57
2024-07-31 22:30:00,5520.71,19296.4398,4.112,16.24,66337.47,49.57
2024-07-31 23:30:00,5527.16,19329.3382,4.12,16.25,66659.16,49.45
2024-08-01 00:30:00,5513.56,19294.9151,4.083,16.01,66511.01,49.01
2024-08-01 01:30:00,5522.29,19362.428,4.045,16.14,65222.44,48.79
2024-08-01 19:30:00,5515.9,19313.0857,3.978,16.11,64729.13,47.83
2024-08-01 20:30:00,5477.54,19128.8878,4.001,17.03,63908.89,47.57
2024-08-01 21:30:00,5466.39,19018.7371,3.97,17.8,62863.31,47.88
2024-08-01 22:30:00,5439.18,18882.4641,3.986,18.14,62851.71,47.83
2024-08-01 23:30:00,5418.62,18784.036,3.982,19.06,63152.46,48.04
2024-08-02 00:30:00,5430.73,18840.3869,3.978,19.28,62872.74,47.87
2024-08-02 01:30:00,5446.69,18890.3861,3.986,18.55,63346.4,47.59
2024-08-02 19:30:00,5321.28,18368.2487,3.83,20.92,65185.1,47.94
2024-08-02 20:30:00,5310.28,18361.0385,3.819,27.53,63096.76,48.76
2024-08-02 21:30:00,5343.65,18470.5201,3.834,27.8,63356.47,49.39
2024-08-02 22:30:00,5321.62,18362.3794,3.822,25.3,63239.33,49.57
2024-08-02 23:30:00,5332.76,18427.5811,3.807,26.71,63024.82,49.09
2024-08-03 00:30:00,5338.54,18428.3578,3.794,25.96,62823.96,48.96
2024-08-03 01:30:00,5346.55,18440.845,3.794,24.48,62553.57,49.89
2024-08-05 19:30:00,5163.09,17753.0376,3.771,47.46,51977.65,66.51
2024-08-05 20:30:00,5212.73,17993.3037,3.792,42.49,54089.74,63.11
2024-08-05 21:30:00,5250.73,18166.819,3.83,34.16,54378.63,62.15
2024-08-05 22:30:00,5212.07,17982.2548,3.788,32.66,54087.97,61.34
2024-08-05 23:30:00,5205.26,17926.0049,3.794,32.95,54750.19,62.79
2024-08-06 00:30:00,5179.22,17865.4648,3.777,34.47,53121.66,63.65
2024-08-06 01:30:00,5186.34,17895.1551,3.786,37.61,53469.64,63.6
2024-08-06 19:30:00,5244.32,18057.3752,3.841,32.19,55217.22,61.52
2024-08-06 20:30:00,5239.62,18080.8586,3.856,27.45,56137.87,61.52
2024-08-06 21:30:00,5275.44,18223.9155,3.879,27.41,56430.34,61.62
2024-08-06 22:30:00,5293.25,18308.5,3.898,25.18,56800.93,61.11
2024-08-06 23:30:00,5303.84,18344.2834,3.89,24.22,56517.22,61.55
2024-08-07 00:30:00,5282.06,18231.2836,3.89,24.15,56748.87,61.07
2024-08-07 01:30:00,5240.04,18077.918,3.905,25.52,56787.45,60.74
2024-08-07 19:30:00,5302.47,18326.5907,3.932,22.38,56862.81,59.53
2024-08-07 20:30:00,5311.26,18359.6741,3.951,23.19,56088.5,60.61
2024-08-07 21:30:00,5291.76,18274.2286,3.943,22.71,56099.32,60.07
2024-08-07 22:30:00,5251.4,18094.7927,3.958,24.56,56164.42,59.83
2024-08-07 23:30:00,5222.12,17976.1518,3.962,25.96,55575.0,60.67
2024-08-08 00:30:00,5225.61,17984.2684,3.964,28.85,54809.69,61.11
2024-08-08 01:30:00,5199.51,17867.3659,3.954,27.36,54755.89,60.92
2024-08-08 19:30:00,5293.31,18270.6907,4.001,25.76,57286.89,57.49
2024-08-08 20:30:00,5294.38,18280.2165,3.993,24.73,58965.89,56.43
2024-08-08 21:30:00,5299.58,18331.8128,3.997,24.83,59467.89,56.56
2024-08-08 22:30:00,5314.22,18385.7787,4.001,25.99,59591.8,56.61
2024-08-08 23:30:00,5318.73,18405.1762,4.001,25.04,59501.37,56.82
2024-08-09 00:30:00,5308.41,18339.1677,4.001,24.83,59356.36,56.18
2024-08-09 01:30:00,5319.3,18413.8168,3.992,24.62,59461.06,56.22
2024-08-09 19:30:00,5321.18,18400.4273,3.934,23.65,60474.0,55.33
2024-08-09 20:30:00,5324.04,18414.9524,3.928,22.95,60355.61,54.75
2024-08-09 21:30:00,5317.43,18383.22,3.94,22.4,59821.06,56.52
2024-08-09 22:30:00,5354.71,18550.0088,3.947,21.53,60443.33,56.36
2024-08-09 23:30:00,5335.48,18491.6164,3.947,20.85,60205.01,56.09
2024-08-10 00:30:00,5342.19,18508.8611,3.947,21.15,60329.57,55.85
2024-08-10 01:30:00,5344.15,18513.1037,3.94,20.84,60704.82,55.21
2024-08-12 19:30:00,5355.39,18593.2041,3.94,20.56,58176.85,58.2
2024-08-12 20:30:00,5342.57,18532.5341,3.921,19.29,60323.7,57.86
2024-08-12 21:30:00,5354.89,18595.6707,3.913,19.57,60232.8,57.58
2024-08-12 22:30:00,5348.17,18555.4129,3.909,19.77,59627.99,57.79
2024-08-12 23:30:00,5341.0,18527.0756,3.902,20.22,59311.72,57.91
2024-08-13 00:30:00,5340.49,18523.449,3.907,20.58,58541.41,57.5
2024-08-13 01:30:00,5344.38,18542.0258,3.904,20.86,59055.01,57.83
2024-08-13 19:30:00,5388.1,18804.6091,3.867,19.6,59430.44,57.05
2024-08-13 20:30:00,5401.92,18869.2395,3.864,19.54,59664.35,57.31
2024-08-13 21:30:00,5411.34,18913.5219,3.864,19.44,59498.18,57.39
2024-08-13 22:30:00,5421.84,18967.7758,3.852,19.24,61196.67,56.93
2024-08-13 23:30:00,5423.37,18969.0677,3.856,18.94,61198.9,57.61
2024-08-14 00:30:00,5426.32,18962.1568,3.848,18.51,60816.07,57.68
2024-08-14 01:30:00,5434.44,19006.4326,3.848,18.37,60833.19,57.37
2024-08-14 19:30:00,5432.96,18916.7137,3.818,17.5,59627.64,56.96
2024-08-14 20:30:00,5446.02,19011.4924,3.816,17.36,59516.26,57.01
2024-08-14 21:30:00,5440.49,18979.5128,3.822,16.51,59466.49,56.89
2024-08-14 22:30:00,5445.65,18987.9707,3.83,16.74,59140.16,56.4
2024-08-14 23:30:00,5447.84,18992.7357,3.833,16.65,59179.67,56.37
2024-08-15 00:30:00,5445.29,18961.5682,3.83,16.51,58997.92,56.27
2024-08-15 01:30:00,5455.2,19022.6753,3.841,16.5,58901.63,55.87
2024-08-15 19:30:00,5517.39,19377.586,3.917,15.34,59460.15,53.43
2024-08-15 20:30:00,5527.08,19402.9868,3.934,14.82,59429.45,53.91
2024-08-15 21:30:00,5538.59,19464.5428,3.928,15.12,59697.8,53.94
2024-08-15 22:30:00,5533.58,19443.254,3.932,15.63,59549.23,55.22
2024-08-15 23:30:00,5541.33,19483.1871,3.925,15.48,58896.36,55.48
2024-08-16 00:30:00,5543.87,19482.9945,3.919,15.45,57876.17,55.25
2024-08-16 01:30:00,5543.21,19490.1455,3.921,15.24,57036.01,55.4
2024-08-16 19:30:00,5542.44,19478.1889,3.913,15.47,58364.64,55.07
2024-08-16 20:30:00,5538.92,19439.1439,3.921,15.04,58032.88,54.05
2024-08-16 21:30:00,5551.42,19520.443,3.902,14.83,58088.17,53.58
2024-08-16 22:30:00,5558.18,19543.3737,3.886,14.76,58584.35,53.62
2024-08-16 23:30:00,5555.07,19518.4719,3.894,14.75,59233.27,53.82
2024-08-17 00:30:00,5553.41,19508.0032,3.892,14.82,59492.59,53.93
2024-08-17 01:30:00,5554.26,19508.5239,3.883,14.93,59710.88,54.28
2024-08-19 19:30:00,5565.56,19522.6684,3.881,15.49,58219.96,54.37
2024-08-19 20:30:00,5576.54,19565.8859,3.871,14.78,58630.88,54.34
2024-08-19 21:30:00,5579.94,19571.9596,3.86,14.7,58546.49,54.1
2024-08-19 22:30:00,5583.22,19601.9065,3.864,14.78,58719.96,54.08
2024-08-19 23:30:00,5588.91,19649.1593,3.856,14.78,59036.84,53.82
2024-08-20 00:30:00,5594.09,19690.7257,3.862,14.69,59019.94,53.94
2024-08-20 01:30:00,5608.24,19766.4854,3.875,14.66,58979.76,53.92
2024-08-20 19:30:00,5602.51,19732.5257,3.829,14.91,60915.99,54.05
2024-08-20 20:30:00,5591.28,19702.0272,3.829,15.32,59462.39,53.91
2024-08-20 21:30:00,5597.52,19719.528,3.822,15.41,58828.03,54.1
2024-08-20 22:30:00,5593.26,19698.0676,3.822,15.55,58805.68,54.3
2024-08-20 23:30:00,5605.24,19759.6028,3.822,15.87,59043.01,54.3
2024-08-21 00:30:00,5598.47,19733.1171,3.82,15.62,59201.0,54.1
2024-08-21 01:30:00,5597.11,19719.821,3.809,15.62,59517.0,54.04
2024-08-21 19:30:00,5613.23,19791.8763,3.803,16.26,59929.05,55.46
2024-08-21 20:30:00,5611.11,19777.9484,3.795,16.18,59420.79,54.72
2024-08-21 21:30:00,5605.45,19750.3483,3.78,16.54,59527.25,54.76
2024-08-21 22:30:00,5611.34,19769.7911,3.775,16.79,59895.57,54.64
2024-08-21 23:30:00,5623.67,19840.2449,3.765,16.68,59947.24,54.24
2024-08-22 00:30:00,5612.39,19781.5564,3.79,16.61,60798.0,55.09
2024-08-22 01:30:00,5620.84,19824.8386,3.799,16.47,61610.76,55.17
2024-08-22 19:30:00,5622.13,19831.237,3.856,16.0,60834.51,55.23
2024-08-22 20:30:00,5602.23,19725.0682,3.86,16.65,60525.42,55.05
2024-08-22 21:30:00,5608.15,19726.4869,3.871,17.28,60420.74,54.54
2024-08-22 22:30:00,5586.36,19628.342,3.871,16.79,60355.14,54.39
2024-08-22 23:30:00,5581.19,19574.7187,3.86,17.48,60170.51,54.22
2024-08-23 00:30:00,5568.4,19496.3348,3.858,17.49,60342.2,53.91
2024-08-23 01:30:00,5570.65,19491.8351,3.863,17.64,60314.46,53.95
2024-08-23 19:30:00,5638.43,19803.7952,3.814,16.9,61125.42,52.86
2024-08-23 20:30:00,5628.31,19693.4576,3.807,16.41,61008.56,53.02
2024-08-23 21:30:00,5597.01,19582.7657,3.81,16.12,61536.03,53.11
2024-08-23 22:30:00,5614.38,19649.4198,3.818,16.79,61750.62,53.37
2024-08-23 23:30:00,5619.54,19674.58,3.807,16.29,63033.83,54.0
2024-08-24 00:30:00,5633.05,19722.8926,3.807,16.17,63225.01,54.34
2024-08-24 01:30:00,5634.6,19720.8675,3.799,15.99,63649.84,54.52
2024-08-26 19:30:00,5629.69,19541.8892,3.795,15.88,63779.43,52.82
2024-08-26 20:30:00,5618.02,19537.4891,3.81,16.63,63504.12,52.52
2024-08-26 21:30:00,5622.53,19540.2613,3.81,16.48,63571.33,52.27
2024-08-26 22:30:00,5620.43,19523.1749,3.81,16.25,63730.31,52.27
2024-08-26 23:30:00,5613.58,19504.6809,3.81,16.32,63399.98,52.31
2024-08-27 00:30:00,5615.57,19515.5794,3.818,16.09,63663.48,52.51
2024-08-27 01:30:00,5616.85,19516.4368,3.818,15.98,63369.76,52.75
2024-08-27 19:30:00,5621.39,19557.6448,3.856,16.73,62230.37,50.18
2024-08-27 20:30:00,5620.0,19563.1208,3.844,16.01,61831.06,50.4
2024-08-27 21:30:00,5618.5,19552.3693,3.843,16.02,61688.29,50.26
2024-08-27 22:30:00,5628.41,19597.5928,3.837,15.82,61554.51,50.52
2024-08-27 23:30:00,5628.03,19592.4652,3.825,15.49,61933.41,50.68
2024-08-28 00:30:00,5625.8,19578.4022,3.833,15.51,62089.43,50.9
2024-08-28 01:30:00,5625.79,19581.5228,3.833,15.51,62109.68,50.65
2024-08-28 19:30:00,5621.87,19511.3582,3.833,15.69,59348.43,52.59
2024-08-28 20:30:00,5592.92,19320.1743,3.822,15.53,59195.0,52.46
2024-08-28 21:30:00,5585.71,19330.1558,3.833,16.59,59005.54,52.76
2024-08-28 22:30:00,5589.76,19362.6348,3.837,16.7,59198.67,54.36
2024-08-28 23:30:00,5567.5,19263.5904,3.844,16.81,58657.28,54.58
2024-08-29 00:30:00,5595.77,19388.515,3.841,17.75,59507.49,54.75
2024-08-29 01:30:00,5592.19,19350.7815,3.837,17.05,58904.42,54.34
2024-08-29 19:30:00,5626.53,19532.7853,3.871,15.62,60646.43,52.1
2024-08-29 20:30:00,5630.86,19563.1607,3.884,15.37,60835.47,52.02
2024-08-29 21:30:00,5643.35,19601.8802,3.867,15.39,60800.47,52.05
2024-08-29 22:30:00,5635.05,19552.8319,3.871,15.21,60309.03,52.51
2024-08-29 23:30:00,5616.24,19439.9585,3.863,15.36,60547.32,52.76
2024-08-30 00:30:00,5601.31,19341.0758,3.869,16.02,59168.77,53.51
2024-08-30 01:30:00,5591.95,19325.4544,3.863,15.71,59253.71,53.06
2024-08-30 19:30:00,5622.56,19494.902,3.863,15.11,59662.25,50.82
2024-08-30 20:30:00,5600.93,19415.0508,3.871,15.13,58445.0,51.11
2024-08-30 21:30:00,5591.18,19370.4711,3.9,15.66,58085.45,52.65
2024-08-30 22:30:00,5599.02,19415.5829,3.913,15.93,58542.1,52.41
2024-08-30 23:30:00,5606.2,19426.3581,3.902,15.46,58623.78,52.07
2024-08-31 00:30:00,5627.36,19507.776,3.913,15.08,59362.38,52.02
2024-08-31 01:30:00,5648.39,19574.6395,3.909,15.0,58674.49,52.31
2024-09-03 19:30:00,5580.61,19271.6929,3.84,16.97,58401.06,54.11
2024-09-03 20:30:00,5572.25,19150.6412,3.848,18.07,57646.0,55.48
2024-09-03 21:30:00,5564.75,19118.6786,3.852,17.93,57693.53,55.44
2024-09-03 22:30:00,5565.18,19124.2874,3.85,18.13,57677.56,55.1
2024-09-03 23:30:00,5538.85,18991.7031,3.852,18.45,57677.86,54.85
2024-09-04 00:30:00,5533.74,18986.449,3.839,19.5,57905.69,54.85
2024-09-04 01:30:00,5528.92,18958.735,3.837,21.02,58017.88,54.69
2024-09-04 19:30:00,5532.69,18941.446,3.787,21.64,56472.1,56.87
2024-09-04 20:30:00,5530.71,18972.2045,3.791,20.2,57526.66,56.83
2024-09-04 21:30:00,5530.05,18998.9048,3.787,20.42,58136.33,56.46
2024-09-04 22:30:00,5521.08,18977.6468,3.784,20.02,58404.42,56.13
2024-09-04 23:30:00,5522.13,18968.3317,3.776,20.98,57875.12,56.05
2024-09-05 00:30:00,5515.47,18919.0467,3.765,21.44,57677.26,55.7
2024-09-05 01:30:00,5520.08,18921.3961,3.761,21.28,58043.49,55.96
2024-09-05 19:30:00,5538.86,19065.0123,3.753,20.55,57014.76,56.07
2024-09-05 20:30:00,5487.18,18830.4703,3.757,19.45,56541.8,56.06
2024-09-05 21:30:00,5493.9,18900.121,3.74,21.21,55960.82,56.3
2024-09-05 22:30:00,5486.49,18852.9643,3.731,21.0,56326.51,56.46
2024-09-05 23:30:00,5508.26,18949.0078,3.723,20.81,56589.78,56.46
2024-09-06 00:30:00,5501.67,18922.3004,3.731,19.85,56535.28,56.44
2024-09-06 01:30:00,5503.42,18930.3302,3.727,19.92,56035.77,56.49
2024-09-06 19:30:00,5454.06,18615.4885,3.7,19.52,55879.46,56.49
2024-09-06 20:30:00,5421.89,18471.6331,3.669,21.57,54690.97,58.5
2024-09-06 21:30:00,5406.48,18418.0518,3.712,23.2,53994.2,59.31
2024-09-06 22:30:00,5416.39,18462.5462,3.704,23.42,54037.01,59.25
2024-09-06 23:30:00,5407.17,18423.9172,3.708,22.8,53888.4,58.86
2024-09-07 00:30:00,5421.04,18481.7844,3.719,22.76,53300.0,59.13
2024-09-07 01:30:00,5408.43,18421.3121,3.723,22.4,53478.7,59.68
2024-09-09 19:30:00,5454.51,18589.1023,3.717,20.84,55688.55,58.78
2024-09-09 20:30:00,5448.76,18532.7983,3.71,20.66,54830.0,58.89
2024-09-09 21:30:00,5476.3,18643.5665,3.712,20.37,55384.0,58.75
2024-09-09 22:30:00,5480.68,18680.6655,3.697,19.63,56446.69,58.79
2024-09-09 23:30:00,5456.78,18566.0625,3.7,19.52,56531.64,58.91
2024-09-10 00:30:00,5462.88,18611.0783,3.699,20.22,56545.74,58.81
2024-09-10 01:30:00,5471.06,18660.7804,3.708,19.81,57101.12,58.87
2024-09-10 19:30:00,5478.12,18752.9305,3.689,19.18,56727.14,57.31
2024-09-10 20:30:00,5481.83,18746.1619,3.667,19.57,56937.7,57.68
2024-09-10 21:30:00,5449.9,18614.1874,3.659,19.52,56589.71,58.4
2024-09-10 22:30:00,5470.63,18717.8712,3.655,20.06,56810.46,58.35
2024-09-10 23:30:00,5485.95,18796.3021,3.644,19.73,57174.7,58.23
2024-09-11 00:30:00,5494.53,18828.4199,3.646,19.08,57593.07,58.0
2024-09-11 01:30:00,5495.53,18829.1359,3.64,19.21,57960.57,58.09
2024-09-11 19:30:00,5420.36,18637.1594,3.625,19.22,55718.6,54.89
2024-09-11 20:30:00,5431.83,18664.6939,3.635,21.07,55954.45,55.48
2024-09-11 21:30:00,5474.89,18883.7143,3.663,19.75,56706.02,54.97
2024-09-11 22:30:00,5496.53,18959.3277,3.672,18.97,57317.44,55.25
2024-09-11 23:30:00,5517.38,19093.6567,3.67,18.58,57709.84,55.54
2024-09-12 00:30:00,5540.21,19172.4517,3.652,18.06,57529.77,55.81
2024-09-12 01:30:00,5554.14,19237.3042,3.659,18.08,57604.58,55.66
2024-09-12 19:30:00,5565.55,19315.9542,3.685,18.04,57619.34,54.67
2024-09-12 20:30:00,5557.15,19268.3142,3.691,17.66,57533.42,54.73
2024-09-12 21:30:00,5561.43,19296.4234,3.7,17.78,57499.0,54.82
2024-09-12 22:30:00,5585.82,19383.5522,3.7,17.61,58063.99,54.7
2024-09-12 23:30:00,5598.17,19446.7826,3.685,17.25,58395.4,54.65
2024-09-13 00:30:00,5594.53,19422.2926,3.681,17.07,58183.48,54.52
2024-09-13 01:30:00,5595.75,19423.0691,3.681,16.9,58407.05,54.41
2024-09-13 19:30:00,5617.71,19448.855,3.67,16.98,58056.79,54.01
2024-09-13 20:30:00,5624.44,19502.6614,3.659,16.64,58463.66,54.03
2024-09-13 21:30:00,5622.05,19481.2056,3.651,16.36,59689.81,54.02
2024-09-13 22:30:00,5633.82,19543.5992,3.648,16.57,59461.84,53.74
2024-09-13 23:30:00,5620.84,19497.7822,3.644,16.23,59608.5,53.91
2024-09-14 00:30:00,5624.3,19510.093,3.655,16.69,59781.59,53.68
2024-09-14 01:30:00,5626.01,19514.5847,3.659,16.61,59760.46,53.42
2024-09-16 19:30:00,5619.94,19375.9377,3.651,17.42,58483.08,53.22
2024-09-16 20:30:00,5613.44,19369.8143,3.629,17.48,57584.22,53.91
2024-09-16 21:30:00,5618.86,19348.2737,3.633,17.57,57863.49,53.18
2024-09-16 22:30:00,5621.85,19369.8818,3.627,17.38,57803.63,53.54
2024-09-16 23:30:00,5630.71,19419.1513,3.625,17.01,58155.76,53.72
2024-09-17 00:30:00,5627.61,19403.702,3.625,16.96,57880.62,53.75
2024-09-17 01:30:00,5633.08,19423.0638,3.618,16.95,57936.06,53.47
2024-09-17 19:30:00,5664.58,19553.7853,3.644,17.24,58972.03,54.49
2024-09-17 20:30:00,5656.93,19521.142,3.647,16.82,60288.25,54.73
2024-09-17 21:30:00,5642.74,19445.1524,3.647,17.02,61147.56,54.68
2024-09-17 22:30:00,5632.69,19432.3002,3.647,17.52,60885.67,54.09
2024-09-17 23:30:00,5631.44,19413.467,3.644,17.65,60969.03,54.02
2024-09-18 00:30:00,5626.68,19403.4471,3.644,17.56,60550.61,53.85
2024-09-18 01:30:00,5634.57,19432.3969,3.644,17.69,59975.42,54.26
2024-09-18 19:30:00,5636.32,19449.9755,3.694,18.83,59496.64,54.93
2024-09-18 20:30:00,5632.5,19418.4803,3.689,18.95,59481.26,54.5
2024-09-18 21:30:00,5635.05,19424.1525,3.685,18.88,59427.16,54.52
2024-09-18 22:30:00,5641.94,19457.4176,3.681,18.78,59909.82,54.46
2024-09-18 23:30:00,5663.63,19562.9907,3.659,18.45,60024.62,54.49
2024-09-19 00:30:00,5654.18,19499.8563,3.7,17.52,60628.79,52.96
2024-09-19 01:30:00,5618.25,19344.4942,3.704,17.99,60061.01,52.52
2024-09-19 19:30:00,5718.51,19880.8658,3.734,16.4,63052.31,52.25
2024-09-19 20:30:00,5713.91,19888.1748,3.734,16.33,62943.88,52.55
2024-09-19 21:30:00,5721.99,19912.8831,3.738,16.58,63164.23,52.18
2024-09-19 22:30:00,5723.85,19914.9107,3.745,16.71,63582.5,52.26
2024-09-19 23:30:00,5724.8,19906.271,3.738,16.88,63742.72,52.36
2024-09-20 00:30:00,5717.01,19860.4441,3.726,16.85,63661.13,52.38
2024-09-20 01:30:00,5713.65,19839.8288,3.719,16.52,63266.78,52.34
2024-09-20 19:30:00,5695.42,19767.7153,3.756,16.03,62842.33,52.66
2024-09-20 20:30:00,5682.61,19678.0375,3.756,16.0,63041.47,51.95
2024-09-20 21:30:00,5702.65,19783.7844,3.726,16.34,63159.19,51.52
2024-09-20 22:30:00,5704.41,19770.6655,3.722,15.87,62863.69,51.06
2024-09-20 23:30:00,5689.02,19725.1207,3.726,15.86,62700.45,50.25
2024-09-21 00:30:00,5704.84,19806.27,3.726,16.6,62866.18,50.56
2024-09-21 01:30:00,5702.54,19791.4885,3.741,15.87,62806.9,50.28
2024-09-23 19:30:00,5720.53,19870.4565,3.783,16.24,63174.22,50.76
2024-09-23 20:30:00,5719.68,19859.6283,3.775,16.07,63389.24,50.91
2024-09-23 21:30:00,5712.0,19838.9691,3.738,15.93,63613.08,50.9
2024-09-23 22:30:00,5710.21,19815.9681,3.738,16.01,63230.65,50.71
2024-09-23 23:30:00,5715.49,19842.1135,3.741,16.05,63313.87,50.57
2024-09-24 00:30:00,5717.3,19849.855,3.745,15.92,63427.57,50.57
2024-09-24 01:30:00,5718.58,19852.1979,3.749,15.79,63297.31,50.61
2024-09-24 19:30:00,5705.22,19769.4512,3.749,15.79,63525.47,50.97
2024-09-24 20:30:00,5721.53,19889.635,3.745,16.57,63187.49,50.71
2024-09-24 21:30:00,5727.82,19959.9307,3.745,15.79,63154.87,50.61
2024-09-24 22:30:00,5728.56,19947.1755,3.749,15.63,63256.75,50.43
2024-09-24 23:30:00,5724.97,19921.2072,3.73,15.68,63774.74,51.05
2024-09-25 00:30:00,5728.63,19927.7911,3.734,15.6,63720.68,50.97
2024-09-25 01:30:00,5732.94,19944.8433,3.732,15.52,64300.87,51.15
2024-09-25 19:30:00,5733.4,20004.2122,3.779,15.36,63754.71,50.35
2024-09-25 20:30:00,5730.17,19980.9507,3.783,15.23,63933.5,50.18
2024-09-25 21:30:00,5728.59,19986.4919,3.77,15.22,63502.98,50.23
2024-09-25 22:30:00,5720.06,19961.3547,3.779,15.21,63460.75,50.07
2024-09-25 23:30:00,5723.88,19970.375,3.775,15.53,63159.08,49.8
2024-09-26 00:30:00,5720.92,19957.9276,3.783,15.44,63337.9,49.75
2024-09-26 01:30:00,5722.27,19972.6079,3.791,15.6,63167.39,49.9
2024-09-26 19:30:00,5747.75,20121.838,3.817,15.24,64450.31,50.45
2024-09-26 20:30:00,5736.1,20032.9818,3.802,15.4,64435.05,50.79
2024-09-26 21:30:00,5734.34,20034.5556,3.808,15.6,65251.22,51.28
2024-09-26 22:30:00,5732.63,20022.3171,3.794,15.65,65354.62,51.48
2024-09-26 23:30:00,5746.51,20119.2465,3.794,15.54,65167.47,51.79
2024-09-27 00:30:00,5743.21,20121.6516,3.791,15.42,65311.52,51.83
2024-09-27 01:30:00,5745.36,20115.538,3.798,15.59,64722.33,51.84
2024-09-27 19:30:00,5760.26,20093.3418,3.771,15.39,65687.51,51.82
2024-09-27 20:30:00,5754.51,20048.4749,3.766,15.34,66280.15,51.95
2024-09-27 21:30:00,5744.55,20033.8714,3.751,15.48,66025.0,52.13
2024-09-27 22:30:00,5739.26,20014.6048,3.752,15.73,66325.58,51.54
2024-09-27 23:30:00,5733.73,19984.2264,3.749,16.04,65926.6,51.75
2024-09-28 00:30:00,5741.8,20021.0617,3.749,16.56,65894.62,51.53
2024-09-28 01:30:00,5738.16,20008.6241,3.754,16.5,65664.45,51.56
2024-09-30 19:30:00,5730.52,19966.9664,3.764,17.09,63865.41,54.33
2024-09-30 20:30:00,5737.44,20007.8535,3.781,17.05,63739.61,54.43
2024-09-30 21:30:00,5740.89,20019.2263,3.771,16.96,63548.32,55.37
2024-09-30 22:30:00,5732.06,19963.6218,3.76,16.89,63468.7,55.39
2024-09-30 23:30:00,5714.22,19881.86,3.806,17.05,63666.13,54.87
2024-10-01 00:30:00,5730.34,19937.9451,3.806,16.93,63305.79,55.13
2024-10-01 01:30:00,5762.49,20060.6866,3.787,16.87,63464.76,54.49
2024-10-01 19:30:00,5695.54,19706.3043,3.707,18.54,62849.19,56.14
2024-10-01 20:30:00,5700.75,19694.0197,3.722,19.49,62570.81,56.49
2024-10-01 21:30:00,5708.9,19749.9297,3.711,19.03,62614.01,56.46
2024-10-01 22:30:00,5685.26,19654.4213,3.718,19.52,62438.96,56.29
2024-10-01 23:30:00,5726.25,19850.4618,3.745,19.52,62134.05,56.35
2024-10-02 00:30:00,5723.96,19832.7038,3.737,18.49,61965.35,56.08
2024-10-02 01:30:00,5708.74,19773.3027,3.733,19.03,61745.74,55.97
2024-10-02 19:30:00,5705.12,19796.478,3.802,20.08,61336.02,57.25
2024-10-02 20:30:00,5716.31,19850.2826,3.798,18.96,61065.28,56.84
2024-10-02 21:30:00,5716.05,19861.3834,3.787,18.83,61889.99,56.74
2024-10-02 22:30:00,5705.98,19811.6578,3.788,18.85,61802.0,56.55
2024-10-02 23:30:00,5705.22,19811.199,3.781,19.03,61619.14,56.38
2024-10-03 00:30:00,5713.02,19839.3735,3.787,19.03,60752.65,56.21
2024-10-03 01:30:00,5709.55,19802.5848,3.783,18.85,60164.4,56.25
2024-10-03 19:30:00,5693.31,19765.9565,3.825,19.88,60361.35,57.28
2024-10-03 20:30:00,5695.79,19790.5548,3.821,20.02,60152.65,57.29
2024-10-03 21:30:00,5708.42,19832.3486,3.829,19.94,60621.4,57.23
2024-10-03 22:30:00,5686.5,19748.4526,3.832,19.93,60157.86,57.11
2024-10-03 23:30:00,5691.3,19751.5686,3.84,20.33,60613.51,57.15
2024-10-04 00:30:00,5686.33,19727.5743,3.848,20.31,60711.67,57.31
2024-10-04 01:30:00,5699.95,19793.3429,3.848,20.48,61030.5,57.32
2024-10-04 19:30:00,5708.22,19845.4741,3.952,19.35,61559.22,57.17
2024-10-04 20:30:00,5706.94,19864.6727,3.963,19.98,61224.15,57.12
2024-10-04 21:30:00,5718.09,19908.7811,3.967,19.77,61864.87,57.03
2024-10-04 22:30:00,5730.76,19950.1968,3.971,18.93,62242.75,55.89
2024-10-04 23:30:00,5727.69,19946.1671,3.975,19.49,61983.8,55.83
2024-10-05 00:30:00,5740.32,19996.1332,3.979,19.21,62351.9,55.86
2024-10-05 01:30:00,5751.06,20035.0169,3.969,18.72,62373.62,55.88
2024-10-07 19:30:00,5736.04,19984.3911,4.024,20.96,63453.64,56.24
2024-10-07 20:30:00,5736.96,19967.608,4.016,20.82,63976.65,56.3
2024-10-07 21:30:00,5729.92,19959.2676,4.031,20.81,63641.31,56.35
2024-10-07 22:30:00,5724.66,19937.5859,4.018,21.16,63800.99,56.1
2024-10-07 23:30:00,5715.32,19915.9546,4.022,21.28,63808.35,55.78
2024-10-08 00:30:00,5698.52,19806.839,4.026,22.27,62834.76,55.6
2024-10-08 01:30:00,5695.93,19800.7395,4.022,22.7,63368.59,55.69
2024-10-08 19:30:00,5729.26,19991.5166,4.043,21.98,63009.96,55.05
2024-10-08 20:30:00,5738.8,20036.9148,4.028,21.49,62748.68,55.11
2024-10-08 21:30:00,5740.54,20042.5139,4.026,21.32,62258.27,55.94
2024-10-08 22:30:00,5733.11,20004.2069,4.029,21.38,62526.88,55.94
2024-10-08 23:30:00,5740.0,20043.0556,4.033,21.63,62359.69,55.79
2024-10-09 00:30:00,5749.11,20096.4255,4.033,21.34,62076.53,55.79
2024-10-09 01:30:00,5751.14,20107.7767,4.014,21.19,62216.84,55.59
2024-10-09 19:30:00,5761.56,20153.5276,4.037,21.39,61739.71,56.51
2024-10-09 20:30:00,5777.13,20192.9955,4.049,21.03,61819.7,56.38
2024-10-09 21:30:00,5782.64,20218.7417,4.057,20.87,62266.46,56.49
2024-10-09 22:30:00,5784.97,20224.9149,4.065,20.84,61766.5,56.49
2024-10-09 23:30:00,5784.38,20260.3538,4.059,20.88,61699.85,56.46
2024-10-10 00:30:00,5786.84,20240.1168,4.061,20.81,61137.69,56.33
2024-10-10 01:30:00,5792.05,20268.8591,4.073,20.75,60968.18,56.51
2024-10-10 19:30:00,5778.73,20215.4907,4.096,21.26,60869.54,55.23
2024-10-10 20:30:00,5782.14,20241.7169,4.08,20.94,60522.71,54.91
2024-10-10 21:30:00,5790.63,20276.5874,4.077,20.92,60730.19,55.02
2024-10-10 22:30:00,5782.91,20269.5842,4.112,20.94,60225.51,54.81
2024-10-10 23:30:00,5772.89,20219.3822,4.098,21.07,59525.95,56.09
2024-10-11 00:30:00,5773.02,20230.0677,4.088,21.13,59414.25,56.53
2024-10-11 01:30:00,5780.04,20241.761,4.067,21.03,59670.0,56.28
2024-10-11 19:30:00,5817.1,20279.5165,4.1,20.63,61650.36,55.7
2024-10-11 20:30:00,5810.89,20251.9755,4.077,20.69,61731.59,55.79
2024-10-11 21:30:00,5807.03,20262.3103,4.073,20.46,62263.45,55.99
2024-10-11 22:30:00,5807.7,20261.8107,4.073,20.61,62263.96,56.04
2024-10-11 23:30:00,5813.79,20278.0795,4.073,20.4,62916.76,56.33
2024-10-12 00:30:00,5819.69,20303.2194,4.081,20.19,62927.48,56.41
2024-10-12 01:30:00,5815.04,20271.9739,4.092,20.38,63094.66,56.73
2024-10-14 20:30:00,5847.38,20371.2974,4.129823,20.06,65893.74,59.45
2024-10-15 00:30:00,5864.34,20458.6047,4.125878,19.88,65746.65,57.85
2024-10-15 01:30:00,5859.86,20439.0455,4.112081,19.85,65914.86,57.6
2024-10-15 19:30:00,5851.17,20341.8406,4.049,19.46,67651.84,58.7
2024-10-15 20:30:00,5841.51,20226.9164,4.045,20.07,65364.45,58.44
2024-10-15 21:30:00,5839.52,20208.0917,4.045,20.0,65993.4,58.27
2024-10-15 22:30:00,5829.65,20175.4724,4.045,19.97,66853.99,59.27
2024-10-15 23:30:00,5823.96,20188.3791,4.038,20.16,66802.52,58.43
2024-10-16 00:30:00,5811.62,20119.3771,4.03,20.51,66885.69,59.41
2024-10-16 01:30:00,5815.25,20159.8261,4.034,20.81,66975.69,58.59
2024-10-16 19:30:00,5827.7,20162.0576,4.01,21.0,67373.94,59.59
2024-10-16 20:30:00,5824.65,20138.2035,3.997,20.44,67663.83,59.4
2024-10-16 21:30:00,5827.1,20128.5584,4.012,20.19,67748.4,59.35
2024-10-16 22:30:00,5830.23,20139.9069,4.02,20.1,67806.37,59.2
2024-10-16 23:30:00,5844.81,20194.1434,4.014,20.0,67932.3,59.32
2024-10-17 00:30:00,5842.25,20173.8373,4.018,19.72,67817.18,59.16
2024-10-17 01:30:00,5842.48,20174.0493,4.018,19.68,67725.74,58.79
2024-10-17 19:30:00,5857.47,20271.2826,4.091,19.55,66989.86,57.01
2024-10-17 20:30:00,5859.19,20281.324,4.089,19.42,67090.61,56.92
2024-10-17 21:30:00,5862.03,20310.5974,4.093,19.1,67567.62,56.59
2024-10-17 22:30:00,5861.25,20301.0081,4.093,19.04,67370.25,56.43
2024-10-17 23:30:00,5845.67,20223.0642,4.095,19.03,67273.3,56.48
2024-10-18 00:30:00,5844.79,20210.259,4.089,19.15,66910.18,56.29
2024-10-18 01:30:00,5841.48,20190.4243,4.1,18.99,66825.0,56.31
2024-10-18 19:30:00,5853.35,20334.745,4.077,19.06,68189.13,55.36
2024-10-18 20:30:00,5861.49,20346.1274,4.073,18.4,68429.13,55.68
2024-10-18 21:30:00,5860.31,20300.3159,4.073,18.21,68735.25,56.33
2024-10-18 22:30:00,5864.71,20330.3006,4.077,18.17,68793.19,54.56
2024-10-18 23:30:00,5870.26,20337.1885,4.073,18.08,68722.28,55.14
2024-10-19 00:30:00,5863.33,20327.67,4.077,18.16,68912.24,54.87
2024-10-19 01:30:00,5864.68,20324.0416,4.077,18.25,68602.94,54.96
2024-10-21 19:30:00,5857.77,20347.0553,4.152,18.92,67265.7,55.33
2024-10-21 20:30:00,5826.46,20204.5335,4.164,18.8,67238.81,55.31
2024-10-21 21:30:00,5840.35,20281.3723,4.176,19.24,67310.58,55.09
2024-10-21 22:30:00,5847.58,20312.1252,4.178,18.96,67279.33,55.18
2024-10-21 23:30:00,5845.08,20310.7743,4.176,18.61,67474.11,55.38
2024-10-22 00:30:00,5847.86,20317.2834,4.182,18.64,67286.78,55.39
2024-10-22 01:30:00,5853.97,20361.4663,4.196,18.61,67735.4,55.63
2024-10-22 19:30:00,5833.2,20330.5674,4.192,19.23,66953.51,54.74
2024-10-22 20:30:00,5838.87,20320.2196,4.208,19.1,67519.14,55.64
2024-10-22 21:30:00,5835.57,20281.1736,4.212,18.73,67230.38,55.56
2024-10-22 22:30:00,5845.14,20344.7744,4.204,18.81,66909.57,55.36
2024-10-22 23:30:00,5854.93,20391.6905,4.196,18.58,67279.5,55.52
2024-10-23 00:30:00,5854.35,20387.7274,4.204,18.54,67334.26,55.54
2024-10-23 01:30:00,5851.19,20383.6453,4.208,18.21,67439.11,55.8
2024-10-23 19:30:00,5828.14,20264.5625,4.248,18.6,66744.61,56.15
2024-10-23 20:30:00,5806.59,20161.9322,4.232,18.48,66425.78,55.9
2024-10-23 21:30:00,5799.54,20110.3755,4.224,18.96,66152.33,55.68
2024-10-23 22:30:00,5787.81,20042.5929,4.24,19.2,65794.4,56.13
2024-10-23 23:30:00,5773.26,19977.9352,4.24,19.73,65620.35,56.49
2024-10-24 00:30:00,5790.84,20038.1918,4.24,19.71,65962.06,56.14
2024-10-24 01:30:00,5797.43,20066.9559,4.24,19.4,66393.44,56.08
2024-10-24 19:30:00,5807.03,20165.2801,4.228,19.03,67837.91,55.65
2024-10-24 20:30:00,5804.47,20191.9729,4.2,19.06,67724.48,55.93
2024-10-24 21:30:00,5798.35,20174.1913,4.202,19.47,67635.99,56.14
2024-10-24 22:30:00,5808.46,20208.3507,4.192,19.58,67522.16,56.33
2024-10-24 23:30:00,5806.85,20215.6106,4.192,19.18,67596.32,56.72
2024-10-25 00:30:00,5812.19,20238.8169,4.208,19.42,67784.84,56.77
2024-10-25 01:30:00,5809.87,20232.8724,4.208,19.05,68269.33,56.68
2024-10-25 19:30:00,5860.78,20542.2132,4.198,18.5,68281.72,55.32
2024-10-25 20:30:00,5843.2,20486.8955,4.202,18.42,68274.22,55.71
2024-10-25 21:30:00,5845.34,20511.5175,4.216,18.81,67650.56,55.72
2024-10-25 22:30:00,5823.3,20425.8369,4.216,18.73,67622.56,55.7
2024-10-25 23:30:00,5816.66,20392.5245,4.228,19.82,66762.11,55.53
2024-10-26 00:30:00,5813.67,20370.5802,4.246,19.71,66915.42,56.94
2024-10-26 01:30:00,5808.11,20352.0153,4.24,20.0,66725.35,56.79
2024-10-28 19:30:00,5841.76,20454.6425,4.254,19.08,68769.0,56.29
2024-10-28 20:30:00,5834.09,20416.9874,4.268,19.22,68783.39,56.03
2024-10-28 21:30:00,5833.3,20414.2876,4.288,19.55,68428.44,56.04
2024-10-28 22:30:00,5831.48,20398.2407,4.288,19.6,68663.71,56.03
2024-10-28 23:30:00,5831.35,20392.4692,4.284,19.23,68951.93,56.37
2024-10-29 00:30:00,5832.91,20388.1052,4.276,19.36,69175.0,56.7
2024-10-29 01:30:00,5823.51,20351.0682,4.28,19.54,69616.92,57.31
2024-10-29 19:30:00,5822.37,20402.7561,4.304,20.52,71774.14,58.03
2024-10-29 20:30:00,5827.95,20453.8454,4.328,19.55,71838.87,58.23
2024-10-29 21:30:00,5831.8,20475.6018,4.324,19.48,72402.22,59.08
2024-10-29 22:30:00,5837.7,20522.016,4.298,19.39,72732.17,59.37
2024-10-29 23:30:00,5841.41,20550.6243,4.28,19.36,72703.81,59.53
2024-10-30 00:30:00,5846.74,20596.4942,4.276,19.18,73168.16,59.97
2024-10-30 01:30:00,5832.91,20550.6527,4.26,19.48,72512.31,60.56
2024-10-30 19:30:00,5845.6,20550.8671,4.234,19.97,71940.21,59.13
2024-10-30 20:30:00,5847.0,20540.5298,4.272,19.49,72404.01,59.05
2024-10-30 21:30:00,5843.0,20511.952,4.244,19.6,72040.42,58.55
2024-10-30 22:30:00,5833.27,20483.5355,4.264,19.55,72099.99,58.06
2024-10-30 23:30:00,5829.93,20459.2332,4.258,20.11,71873.59,57.73
2024-10-31 00:30:00,5824.24,20436.1965,4.28,19.93,71960.98,57.54
2024-10-31 01:30:00,5813.66,20387.6997,4.3,20.11,71817.56,57.73
2024-10-31 19:30:00,5736.92,20010.3367,4.313,21.31,71282.6,59.93
2024-10-31 20:30:00,5728.0,19966.1559,4.313,22.28,70721.36,59.23
2024-10-31 21:30:00,5732.33,19956.5905,4.284,23.07,70573.63,59.02
2024-10-31 22:30:00,5728.9,19938.5357,4.268,22.63,70333.42,58.9
2024-10-31 23:30:00,5721.82,19906.0142,4.27,22.75,70740.51,58.25
2024-11-01 00:30:00,5728.56,19948.304,4.274,23.13,70566.82,58.16
2024-11-01 01:30:00,5705.44,19890.4155,4.284,22.7,69963.39,58.01
2024-11-01 19:30:00,5771.4,20144.8463,4.297,21.56,71149.22,58.72
2024-11-01 20:30:00,5769.72,20161.1063,4.325,21.33,71258.6,59.66
2024-11-01 21:30:00,5751.46,20100.0555,4.341,21.49,69364.48,59.74
2024-11-01 22:30:00,5754.44,20123.7882,4.345,21.57,69905.99,59.8
2024-11-01 23:30:00,5736.84,20040.6491,4.353,22.1,69552.21,59.5
2024-11-02 00:30:00,5735.3,20039.9747,4.369,22.16,69099.91,59.28
2024-11-02 01:30:00,5728.81,20033.1418,4.382,22.1,69211.34,59.05
2024-11-04 20:30:00,5737.51,20062.9776,4.277,22.93,68358.01,63.23
2024-11-04 21:30:00,5728.02,20062.2356,4.301,22.22,68612.35,62.89
2024-11-04 22:30:00,5716.29,19993.4097,4.297,22.45,67708.93,62.67
2024-11-04 23:30:00,5722.03,20020.3015,4.325,22.26,67794.73,61.93
2024-11-05 00:30:00,5720.68,20017.2434,4.309,22.11,67604.68,62.04
2024-11-05 01:30:00,5718.87,19999.7746,4.313,21.91,67799.08,61.79
2024-11-05 02:30:00,5712.68,19963.6024,4.293,22.23,67279.04,62.3
2024-11-05 20:30:00,5756.86,20151.6322,4.364,21.2,69957.01,62.79
2024-11-05 21:30:00,5764.47,20180.916,4.362,20.44,69620.92,62.93
2024-11-05 22:30:00,5773.74,20230.8979,4.351,20.3,70178.9,62.93
2024-11-05 23:30:00,5770.71,20204.4752,4.321,20.34,69955.78,63.24
2024-11-06 00:30:00,5771.44,20200.6516,4.313,20.7,70242.64,62.81
2024-11-06 01:30:00,5774.15,20214.8242,4.281,20.6,68997.73,63.39
2024-11-06 02:30:00,5782.77,20227.4564,4.281,20.67,69439.54,63.87
2024-11-06 20:30:00,5905.24,20675.6302,4.453,15.74,73699.36,55.69
2024-11-06 21:30:00,5897.97,20653.0896,4.453,16.16,74396.58,55.39
2024-11-06 22:30:00,5904.64,20675.479,4.431,16.1,74398.22,55.29
2024-11-06 23:30:00,5919.31,20735.4137,4.41,16.22,74504.53,55.37
2024-11-07 00:30:00,5922.38,20761.3482,4.441,16.26,75349.21,56.09
2024-11-07 01:30:00,5928.4,20779.0487,4.431,16.39,75966.43,55.82
2024-11-07 02:30:00,5929.03,20781.334,4.433,16.62,76221.57,56.0
2024-11-07 20:30:00,5960.41,20993.2922,4.363,15.39,74871.04,53.32
2024-11-07 21:30:00,5963.69,21036.2604,4.367,15.33,76175.16,54.08
2024-11-07 22:30:00,5969.89,21059.2683,4.351,15.25,75997.61,54.26
2024-11-07 23:30:00,5965.94,21054.1711,4.347,15.16,76372.09,53.99
2024-11-08 00:30:00,5965.28,21066.629,4.359,15.21,76679.56,54.14
2024-11-08 01:30:00,5978.8,21112.5165,4.324,15.25,76638.99,53.9
2024-11-08 02:30:00,5973.09,21101.5664,4.332,15.29,76599.9,54.22
2024-11-08 20:30:00,5989.57,21084.1514,4.271,14.91,75816.41,50.12
2024-11-08 21:30:00,5996.45,21099.6406,4.3,14.82,76516.29,50.63
2024-11-08 22:30:00,5993.18,21090.9027,4.312,14.78,75984.09,50.79
