datetime,S&P 500,Nasdaq,US 10Y,VIX,Global Net Liquidity,BTCUSD,DVOL
2024-07-25 20:00:00,5445.6,19052.6085,4.225,18.28,25458956340461,64814.71,61.98
2024-07-25 21:00:00,5456.74,19070.3907,4.229,17.36,25458956340461,64778.81,61.75
2024-07-25 22:00:00,5478.43,19173.4094,4.241,16.76,25458956340461,64859.14,62.31
2024-07-25 23:00:00,5463.51,19131.2473,4.262,16.88,25458956340461,65032.29,62.05
2024-07-26 00:00:00,5425.65,18969.9192,4.256,17.28,25458956340461,64543.2,61.76
2024-07-26 01:00:00,5397.65,18828.6105,4.254,17.68,25458956340461,64663.15,62.06
2024-07-26 18:00:00,5399.23,18830.5847,4.221,17.49,25458956340461,67312.88,60.82
2024-07-26 19:00:00,5447.38,18980.5368,4.194,17.32,25458956340461,67891.23,60.61
2024-07-26 20:00:00,5450.38,18971.2845,4.204,17.36,25458956340461,67332.2,60.62
2024-07-26 21:00:00,5464.96,19033.4556,4.207,16.83,25458956340461,67562.29,60.87
2024-07-26 22:00:00,5483.8,19125.2997,4.206,16.55,25458956340461,67401.73,60.75
2024-07-26 23:00:00,5466.72,19046.7843,4.202,16.96,25458956340461,67374.91,60.54
2024-07-27 00:00:00,5453.13,18981.2822,4.202,16.76,25458956340461,67573.1,60.19
2024-07-27 01:00:00,5461.03,19023.9209,4.194,16.82,25458956340461,68008.63,59.94
2024-07-29 18:00:00,5459.09,19023.6562,4.155,16.52,25458956340461,69799.99,55.77
2024-07-29 19:00:00,5482.63,19203.3149,4.174,16.94,25458956340461,69266.64,55.47
2024-07-29 20:00:00,5460.47,19080.1103,4.182,16.9,25458956340461,68206.67,53.99
2024-07-29 21:00:00,5472.81,19111.6159,4.174,17.07,25458956340461,68078.3,52.88
2024-07-29 22:00:00,5478.49,19158.2993,4.172,16.45,25458956340461,66924.0,52.74
2024-07-29 23:00:00,5471.35,19107.8208,4.182,16.39,25458956340461,67002.68,52.82
2024-07-30 00:00:00,5468.05,19073.1076,4.178,16.45,25458956340461,67411.99,52.8
2024-07-30 01:00:00,5463.99,19059.4984,4.174,16.29,25458956340461,67297.37,52.67
2024-07-30 18:00:00,5463.55,19059.4867,4.174,16.54,25458956340461,66650.21,50.6
2024-07-30 19:00:00,5478.34,19075.516,4.155,16.35,25458956340461,66371.71,50.52
2024-07-30 20:00:00,5454.95,18961.9611,4.169,16.98,25458956340461,65777.1,50.37
2024-07-30 21:00:00,5421.37,18786.7307,4.167,17.58,25458956340461,66190.86,50.28
2024-07-30 22:00:00,5404.48,18678.0025,4.139,17.42,25458956340461,66154.64,50.28
2024-07-30 23:00:00,5429.83,18794.448,4.147,17.55,25458956340461,65842.01,50.3
2024-07-31 00:00:00,5430.41,18808.609,4.143,17.24,25458956340461,65790.93,50.24
2024-07-31 01:00:00,5435.38,18791.0922,4.147,17.31,25458956340461,65891.91,50.24
2024-07-31 18:00:00,5436.45,18796.2733,4.108,16.54,25458956340461,66123.92,49.75
2024-07-31 19:00:00,5504.21,19246.4672,4.097,16.41,25458956340461,66488.99,49.67
2024-07-31 20:00:00,5522.3,19301.009,4.11,16.27,25458956340461,66426.16,49.51
2024-07-31 21:00:00,5523.42,19319.1821,4.101,16.26,25458956340461,66361.61,49.57
2024-07-31 22:00:00,5518.95,19284.6826,4.101,16.24,25458956340461,66337.47,49.57
2024-07-31 23:00:00,5519.9,19280.6729,4.112,16.25,25458956340461,66659.16,49.45
2024-08-01 00:00:00,5547.79,19409.2939,4.105,16.01,25458956340461,66511.01,49.01
2024-08-01 01:00:00,5522.09,19359.6091,4.055,16.14,25458956340461,65222.44,48.79
2024-08-01 18:00:00,5522.29,19362.428,4.031,16.1,25458956340461,64856.33,47.92
2024-08-01 19:00:00,5556.88,19509.7542,4.012,16.11,25458956340461,64729.13,47.83
2024-08-01 20:00:00,5490.41,19205.231,3.966,17.03,25458956340461,63908.89,47.57
2024-08-01 21:00:00,5463.06,19028.9128,3.989,17.8,25458956340461,62863.31,47.88
2024-08-01 22:00:00,5453.54,18961.8406,3.982,18.14,25458956340461,62851.71,47.83
2024-08-01 23:00:00,5441.49,18886.5359,3.982,19.06,25458956340461,63152.46,48.04
2024-08-02 00:00:00,5415.33,18754.8173,3.978,19.28,25458956340461,62872.74,47.87
2024-08-02 01:00:00,5445.5,18891.2116,3.989,18.55,25458956340461,63346.4,47.59
2024-08-02 18:00:00,5446.69,18890.3861,3.851,21.25,25458956340461,64790.42,47.64
2024-08-02 19:00:00,5355.69,18447.0081,3.847,20.92,25458956340461,65185.1,47.94
2024-08-02 20:00:00,5307.38,18304.3157,3.822,27.53,25458956340461,63096.76,48.76
2024-08-02 21:00:00,5337.44,18469.1866,3.822,27.8,25458956340461,63356.47,49.39
2024-08-02 22:00:00,5328.95,18389.6607,3.811,25.3,25458956340461,63239.33,49.57
2024-08-02 23:00:00,5318.33,18367.9967,3.822,26.71,25458956340461,63024.82,49.09
2024-08-03 00:00:00,5325.38,18381.7457,3.796,25.96,25458956340461,62823.96,48.96
2024-08-03 01:00:00,5346.75,18438.0594,3.796,24.48,25458956340461,62553.57,49.89
2024-08-05 18:00:00,5346.55,18440.845,3.691,65.08,25458956340461,49803.76,68.32
2024-08-05 19:00:00,5168.54,17766.4578,3.71,47.46,25458956340461,51977.65,66.51
2024-08-05 20:00:00,5178.82,17834.3199,3.743,42.49,25458956340461,54089.74,63.11
2024-08-05 21:00:00,5219.63,17991.8594,3.79,34.16,25458956340461,54378.63,62.15
2024-08-05 22:00:00,5204.82,17935.543,3.792,32.66,25458956340461,54087.97,61.34
2024-08-05 23:00:00,5205.55,17967.1185,3.785,32.95,25458956340461,54750.19,62.79
2024-08-06 00:00:00,5172.03,17794.3562,3.785,34.47,25458956340461,53121.66,63.65
2024-08-06 01:00:00,5186.27,17906.6317,3.777,37.61,25458956340461,53469.64,63.6
2024-08-06 18:00:00,5186.34,17895.1551,3.831,33.0,25458956340461,54784.32,61.94
2024-08-06 19:00:00,5232.34,18024.6038,3.828,32.19,25458956340461,55217.22,61.52
2024-08-06 20:00:00,5269.13,18189.1975,3.858,27.45,25458956340461,56137.87,61.52
2024-08-06 21:00:00,5273.29,18226.024,3.871,27.41,25458956340461,56430.34,61.62
2024-08-06 22:00:00,5292.04,18318.236,3.888,25.18,25458956340461,56800.93,61.11
2024-08-06 23:00:00,5294.33,18309.1064,3.909,24.22,25458956340461,56517.22,61.55
2024-08-07 00:00:00,5291.2,18281.9516,3.886,24.15,25458956340461,56748.87,61.07
2024-08-07 01:00:00,5238.61,18068.843,3.899,25.52,25458956340461,56787.45,60.74
2024-08-07 18:00:00,5240.04,18077.918,3.932,23.09,25458956340461,57329.8,58.83
2024-08-07 19:00:00,5325.47,18410.0618,3.943,22.38,25458956340461,56862.81,59.53
2024-08-07 20:00:00,5319.49,18403.9672,3.943,23.19,25458956340461,56088.5,60.61
2024-08-07 21:00:00,5294.97,18290.991,3.943,22.71,25458956340461,56099.32,60.07
2024-08-07 22:00:00,5265.81,18176.0945,3.934,24.56,25458956340461,56164.42,59.83
2024-08-07 23:00:00,5234.91,18012.867,3.954,25.96,25458956340461,55575.0,60.67
2024-08-08 00:00:00,5209.15,17923.6288,3.968,28.85,25458956340461,54809.69,61.11
2024-08-08 01:00:00,5199.43,17869.8857,3.953,27.36,25458956340461,54755.89,60.92
2024-08-08 18:00:00,5199.51,17867.3659,3.993,25.87,25458956340461,57943.23,57.02
2024-08-08 19:00:00,5265.21,18100.289,3.993,25.76,25458956340461,57286.89,57.49
2024-08-08 20:00:00,5297.03,18304.1329,3.993,24.73,25458956340461,58965.89,56.43
2024-08-08 21:00:00,5292.99,18299.5829,3.99,24.83,25458956340461,59467.89,56.56
2024-08-08 22:00:00,5293.57,18300.0251,3.997,25.99,25458956340461,59591.8,56.61
2024-08-08 23:00:00,5317.57,18406.9279,4.015,25.04,25458956340461,59501.37,56.82
2024-08-09 00:00:00,5316.7,18387.0138,3.997,24.83,25458956340461,59356.36,56.18
2024-08-09 01:00:00,5318.58,18413.37,3.993,24.62,25458956340461,59461.06,56.22
2024-08-09 18:00:00,5319.3,18413.8168,3.936,24.33,25458956340461,60575.45,56.17
2024-08-09 19:00:00,5306.77,18335.4749,3.932,23.65,25458956340461,60474.0,55.33
2024-08-09 20:00:00,5329.67,18428.7891,3.944,22.95,25458956340461,60355.61,54.75
2024-08-09 21:00:00,5317.59,18385.2152,3.936,22.4,25458956340461,59821.06,56.52
2024-08-09 22:00:00,5328.71,18429.7366,3.94,21.53,25458956340461,60443.33,56.36
2024-08-09 23:00:00,5340.84,18509.1593,3.944,20.85,25458956340461,60205.01,56.09
2024-08-10 00:00:00,5338.44,18493.9777,3.944,21.15,25458956340461,60329.57,55.85
2024-08-10 01:00:00,5343.96,18513.7099,3.94,20.84,25458956340461,60704.82,55.21
2024-08-12 18:00:00,5344.15,18513.1037,3.959,20.53,25458956340461,59752.08,58.23
2024-08-12 19:00:00,5328.42,18448.8198,3.928,20.56,25458956340461,58176.85,58.2
2024-08-12 20:00:00,5366.11,18625.8822,3.947,19.29,25458956340461,60323.7,57.86
2024-08-12 21:00:00,5362.14,18616.1877,3.923,19.57,25458956340461,60232.8,57.58
2024-08-12 22:00:00,5342.58,18529.8593,3.911,19.77,25458956340461,59627.99,57.79
2024-08-12 23:00:00,5338.34,18522.6353,3.902,20.22,25458956340461,59311.72,57.91
2024-08-13 00:00:00,5345.92,18546.8276,3.909,20.58,25458956340461,58541.41,57.5
2024-08-13 01:00:00,5345.01,18543.4788,3.905,20.86,25458956340461,59055.01,57.83
2024-08-13 18:00:00,5344.38,18542.0258,3.879,19.65,25458956340461,59144.63,57.05
2024-08-13 19:00:00,5391.97,18800.2633,3.864,19.6,25458956340461,59430.44,57.05
2024-08-13 20:00:00,5397.64,18840.9069,3.858,19.54,25458956340461,59664.35,57.31
2024-08-13 21:00:00,5404.51,18882.572,3.867,19.44,25458956340461,59498.18,57.39
2024-08-13 22:00:00,5424.8,18972.3422,3.852,19.24,25458956340461,61196.67,56.93
2024-08-13 23:00:00,5421.54,18957.1667,3.858,18.94,25458956340461,61198.9,57.61
2024-08-14 00:00:00,5428.39,18981.8361,3.852,18.51,25458956340461,60816.07,57.68
2024-08-14 01:00:00,5434.15,19006.2114,3.848,18.37,25458956340461,60833.19,57.37
2024-08-14 18:00:00,5434.44,19006.4326,3.854,17.75,25458956340461,61109.74,56.35
2024-08-14 19:00:00,5428.3,18933.074,3.82,17.5,25458956340461,59627.64,56.96
2024-08-14 20:00:00,5437.65,18970.6734,3.822,17.36,25458956340461,59516.26,57.01
2024-08-14 21:00:00,5461.08,19099.4867,3.822,16.51,25458956340461,59466.49,56.89
2024-08-14 22:00:00,5444.77,18977.037,3.824,16.74,25458956340461,59140.16,56.4
2024-08-14 23:00:00,5446.67,18979.5023,3.83,16.65,25458956340461,59179.67,56.37
2024-08-15 00:00:00,5456.65,19011.6241,3.822,16.51,25458956340461,58997.92,56.27
2024-08-15 01:00:00,5453.44,19018.2667,3.833,16.5,25458956340461,58901.63,55.87
2024-08-15 18:00:00,5455.2,19022.6753,3.928,15.57,25458956340461,58800.18,53.81
2024-08-15 19:00:00,5514.63,19358.7995,3.946,15.34,25458956340461,59460.15,53.43
2024-08-15 20:00:00,5521.86,19379.4179,3.928,14.82,25458956340461,59429.45,53.91
2024-08-15 21:00:00,5529.84,19428.5416,3.928,15.12,25458956340461,59697.8,53.94
2024-08-15 22:00:00,5532.23,19437.6527,3.936,15.63,25458956340461,59549.23,55.22
2024-08-15 23:00:00,5539.64,19482.1124,3.932,15.48,25458956340461,58896.36,55.48
2024-08-16 00:00:00,5542.35,19482.8957,3.926,15.45,25458956340461,57876.17,55.25
2024-08-16 01:00:00,5542.87,19487.5385,3.915,15.24,25458956340461,57036.01,55.4
2024-08-16 18:00:00,5543.21,19490.1455,3.879,15.7,25458956340461,57873.33,54.81
2024-08-16 19:00:00,5535.24,19407.4947,3.892,15.47,25458956340461,58364.64,55.07
2024-08-16 20:00:00,5534.27,19429.9865,3.902,15.04,25458956340461,58032.88,54.05
2024-08-16 21:00:00,5546.08,19483.5712,3.904,14.83,25458956340461,58088.17,53.58
2024-08-16 22:00:00,5560.65,19554.8658,3.898,14.76,25458956340461,58584.35,53.62
2024-08-16 23:00:00,5558.05,19533.052,3.894,14.75,25458956340461,59233.27,53.82
2024-08-17 00:00:00,5558.57,19526.6754,3.89,14.82,25458956340461,59492.59,53.93
2024-08-17 01:00:00,5553.27,19508.8081,3.89,14.93,25458956340461,59710.88,54.28
2024-08-19 18:00:00,5554.26,19508.5239,3.883,15.54,25458956340461,58426.12,54.27
2024-08-19 19:00:00,5561.17,19498.7783,3.883,15.49,25458956340461,58219.96,54.37
2024-08-19 20:00:00,5576.74,19561.7604,3.875,14.78,25458956340461,58630.88,54.34
2024-08-19 21:00:00,5573.53,19546.2334,3.852,14.7,25458956340461,58546.49,54.1
2024-08-19 22:00:00,5585.11,19598.5064,3.86,14.78,25458956340461,58719.96,54.08
2024-08-19 23:00:00,5587.38,19629.5077,3.862,14.78,25458956340461,59036.84,53.82
2024-08-20 00:00:00,5593.39,19676.8299,3.867,14.69,25458956340461,59019.94,53.94
2024-08-20 01:00:00,5607.7,19763.9112,3.867,14.66,25458956340461,58979.76,53.92
2024-08-20 18:00:00,5608.24,19766.4854,3.837,15.08,25458956340461,60726.7,54.08
2024-08-20 19:00:00,5619.34,19826.765,3.841,14.91,25458956340461,60915.99,54.05
2024-08-20 20:00:00,5595.63,19694.3992,3.826,15.32,25458956340461,59462.39,53.91
2024-08-20 21:00:00,5604.56,19759.0219,3.826,15.41,25458956340461,58828.03,54.1
2024-08-20 22:00:00,5591.93,19687.8549,3.82,15.55,25458956340461,58805.68,54.3
2024-08-20 23:00:00,5594.57,19718.3679,3.826,15.87,25458956340461,59043.01,54.3
2024-08-21 00:00:00,5602.82,19760.8635,3.818,15.62,25458956340461,59201.0,54.1
2024-08-21 01:00:00,5596.4,19717.7692,3.814,15.62,25458956340461,59517.0,54.04
2024-08-21 18:00:00,5597.11,19719.821,3.801,16.06,25458956340461,59523.79,55.58
2024-08-21 19:00:00,5615.29,19790.4494,3.801,16.26,25458956340461,59929.05,55.46
2024-08-21 20:00:00,5604.4,19752.8509,3.799,16.18,25458956340461,59420.79,54.72
2024-08-21 21:00:00,5600.26,19736.712,3.784,16.54,25458956340461,59527.25,54.76
2024-08-21 22:00:00,5613.0,19782.1006,3.786,16.79,25458956340461,59895.57,54.64
2024-08-21 23:00:00,5615.63,19805.263,3.776,16.68,25458956340461,59947.24,54.24
2024-08-22 00:00:00,5618.84,19815.6745,3.778,16.61,25458956340461,60798.0,55.09
2024-08-22 01:00:00,5620.87,19822.5831,3.792,16.47,25458956340461,61610.76,55.17
2024-08-22 18:00:00,5620.84,19824.8386,3.829,16.16,25458956340461,60902.01,55.2
2024-08-22 19:00:00,5633.52,19891.9032,3.837,16.0,25458956340461,60834.51,55.23
2024-08-22 20:00:00,5616.34,19793.8374,3.856,16.65,25458956340461,60525.42,55.05
2024-08-22 21:00:00,5589.22,19632.7261,3.852,17.28,25458956340461,60420.74,54.54
2024-08-22 22:00:00,5586.9,19625.2704,3.871,16.79,25458956340461,60355.14,54.39
2024-08-22 23:00:00,5565.69,19523.6392,3.86,17.48,25458956340461,60170.51,54.22
2024-08-23 00:00:00,5571.15,19529.764,3.86,17.49,25458956340461,60342.2,53.91
2024-08-23 01:00:00,5573.35,19498.7381,3.86,17.64,25458956340461,60314.46,53.95
2024-08-23 18:00:00,5570.65,19491.8351,3.833,16.88,25458956340461,61146.42,52.53
2024-08-23 19:00:00,5608.62,19670.9437,3.841,16.9,25458956340461,61125.42,52.86
2024-08-23 20:00:00,5616.66,19646.388,3.803,16.41,25458956340461,61008.56,53.02
2024-08-23 21:00:00,5612.23,19644.2512,3.81,16.12,25458956340461,61536.03,53.11
2024-08-23 22:00:00,5604.26,19604.2023,3.82,16.79,25458956340461,61750.62,53.37
2024-08-23 23:00:00,5615.07,19655.3706,3.81,16.29,25458956340461,63033.83,54.0
2024-08-24 00:00:00,5618.65,19662.5497,3.807,16.17,25458956340461,63225.01,54.34
2024-08-24 01:00:00,5634.88,19718.1744,3.807,15.99,25458956340461,63649.84,54.52
2024-08-26 18:00:00,5634.6,19720.8675,3.788,16.02,25458956340461,63645.69,52.8
2024-08-26 19:00:00,5641.28,19646.6775,3.822,15.88,25458956340461,63779.43,52.82
2024-08-26 20:00:00,5622.59,19529.6435,3.791,16.63,25458956340461,63504.12,52.52
2024-08-26 21:00:00,5611.16,19486.4199,3.81,16.48,25458956340461,63571.33,52.27
2024-08-26 22:00:00,5625.8,19546.899,3.81,16.25,25458956340461,63730.31,52.27
2024-08-26 23:00:00,5605.71,19464.0536,3.81,16.32,25458956340461,63399.98,52.31
2024-08-27 00:00:00,5619.28,19543.9646,3.816,16.09,25458956340461,63663.48,52.51
2024-08-27 01:00:00,5617.42,19520.3958,3.822,15.98,25458956340461,63369.76,52.75
2024-08-27 18:00:00,5616.85,19516.4368,3.86,16.51,25458956340461,62420.73,50.11
2024-08-27 19:00:00,5609.17,19468.0125,3.863,16.73,25458956340461,62230.37,50.18
2024-08-27 20:00:00,5627.16,19595.7062,3.844,16.01,25458956340461,61831.06,50.4
2024-08-27 21:00:00,5617.19,19540.5309,3.848,16.02,25458956340461,61688.29,50.26
2024-08-27 22:00:00,5618.43,19554.8743,3.841,15.82,25458956340461,61554.51,50.52
2024-08-27 23:00:00,5630.36,19615.1754,3.833,15.49,25458956340461,61933.41,50.68
2024-08-28 00:00:00,5626.63,19585.3057,3.833,15.51,25458956340461,62089.43,50.9
2024-08-28 01:00:00,5626.85,19583.1074,3.833,15.51,25458956340461,62109.68,50.65
2024-08-28 18:00:00,5625.79,19581.5228,3.824,15.75,25458956340461,59957.29,52.9
2024-08-28 19:00:00,5621.55,19494.031,3.837,15.69,25458956340461,59348.43,52.59
2024-08-28 20:00:00,5606.99,19393.9781,3.822,15.53,25458956340461,59195.0,52.46
2024-08-28 21:00:00,5595.03,19361.6631,3.831,16.59,25458956340461,59005.54,52.76
2024-08-28 22:00:00,5595.98,19387.5646,3.841,16.7,25458956340461,59198.67,54.36
2024-08-28 23:00:00,5563.29,19235.2185,3.833,16.81,25458956340461,58657.28,54.58
2024-08-29 00:00:00,5591.07,19361.4965,3.841,17.75,25458956340461,59507.49,54.75
2024-08-29 01:00:00,5591.85,19351.2546,3.841,17.05,25458956340461,58904.42,54.34
2024-08-29 18:00:00,5592.19,19350.7815,3.867,15.92,25458956340461,60333.61,52.54
2024-08-29 19:00:00,5621.03,19577.5859,3.871,15.62,25458956340461,60646.43,52.1
2024-08-29 20:00:00,5631.31,19580.9185,3.882,15.37,25458956340461,60835.47,52.02
2024-08-29 21:00:00,5635.12,19571.3262,3.875,15.39,25458956340461,60800.47,52.05
2024-08-29 22:00:00,5641.75,19587.4786,3.865,15.21,25458956340461,60309.03,52.51
2024-08-29 23:00:00,5638.79,19567.2698,3.863,15.36,25458956340461,60547.32,52.76
2024-08-30 00:00:00,5595.13,19339.8361,3.865,16.02,25458956340461,59168.77,53.51
2024-08-30 01:00:00,5592.55,19328.296,3.867,15.71,25458956340461,59253.71,53.06
2024-08-30 18:00:00,5591.95,19325.4544,3.879,15.45,25458956340461,59543.38,51.04
2024-08-30 19:00:00,5627.84,19544.8621,3.871,15.11,25458956340461,59662.25,50.82
2024-08-30 20:00:00,5609.88,19425.1903,3.871,15.13,25458956340461,58445.0,51.11
2024-08-30 21:00:00,5601.54,19409.552,3.882,15.66,25458956340461,58085.45,52.65
2024-08-30 22:00:00,5600.38,19408.4564,3.909,15.93,25458956340461,58542.1,52.41
2024-08-30 23:00:00,5598.01,19396.097,3.907,15.46,25458956340461,58623.78,52.07
2024-08-31 00:00:00,5616.02,19470.9005,3.911,15.08,25458956340461,59362.38,52.02
2024-08-31 01:00:00,5649.57,19569.9851,3.917,15.0,25458956340461,58674.49,52.31
2024-09-03 18:00:00,5648.39,19574.6395,3.879,16.39,25458956340461,59134.94,52.77
2024-09-03 19:00:00,5599.22,19321.5672,3.84,16.97,25458956340461,58401.06,54.11
2024-09-03 20:00:00,5561.46,19116.2085,3.835,18.07,25458956340461,57646.0,55.48
2024-09-03 21:00:00,5564.61,19101.4937,3.852,17.93,25458956340461,57693.53,55.44
2024-09-03 22:00:00,5557.32,19092.5927,3.854,18.13,25458956340461,57677.56,55.1
2024-09-03 23:00:00,5551.74,19063.2975,3.856,18.45,25458956340461,57677.86,54.85
2024-09-04 00:00:00,5534.95,18997.5911,3.844,19.5,25458956340461,57905.69,54.85
2024-09-04 01:00:00,5529.46,18960.5006,3.837,21.02,25458956340461,58017.88,54.69
2024-09-04 18:00:00,5528.92,18958.735,3.833,23.09,25458956340461,56596.52,56.52
2024-09-04 19:00:00,5533.98,18924.7213,3.823,21.64,25458956340461,56472.1,56.87
2024-09-04 20:00:00,5548.33,19044.6091,3.791,20.2,25458956340461,57526.66,56.83
2024-09-04 21:00:00,5527.7,18962.4611,3.795,20.42,25458956340461,58136.33,56.46
2024-09-04 22:00:00,5532.42,19019.0354,3.782,20.02,25458956340461,58404.42,56.13
2024-09-04 23:00:00,5517.87,18959.0774,3.78,20.98,25458956340461,57875.12,56.05
2024-09-05 00:00:00,5509.21,18892.0039,3.768,21.44,25458956340461,57677.26,55.7
2024-09-05 01:00:00,5520.56,18918.6188,3.761,21.28,25458956340461,58043.49,55.96
2024-09-05 18:00:00,5520.08,18921.3961,3.731,21.16,25458956340461,56651.6,56.23
2024-09-05 19:00:00,5527.78,19009.4161,3.723,20.55,25458956340461,57014.76,56.07
2024-09-05 20:00:00,5512.48,18947.6747,3.768,19.45,25458956340461,56541.8,56.06
2024-09-05 21:00:00,5483.66,18821.6196,3.748,21.21,25458956340461,55960.82,56.3
2024-09-05 22:00:00,5495.88,18894.7293,3.736,21.0,25458956340461,56326.51,56.46
2024-09-05 23:00:00,5514.62,18968.1831,3.729,20.81,25458956340461,56589.78,56.46
2024-09-06 00:00:00,5510.27,18950.9484,3.731,19.85,25458956340461,56535.28,56.44
2024-09-06 01:00:00,5502.51,18930.1069,3.731,19.92,25458956340461,56035.77,56.49
2024-09-06 18:00:00,5503.42,18930.3302,3.708,20.18,25458956340461,56868.69,56.7
2024-09-06 19:00:00,5486.26,18716.7038,3.751,19.52,25458956340461,55879.46,56.49
2024-09-06 20:00:00,5428.65,18503.539,3.678,21.57,25458956340461,54690.97,58.5
2024-09-06 21:00:00,5413.6,18431.1688,3.678,23.2,25458956340461,53994.2,59.31
2024-09-06 22:00:00,5409.15,18419.7023,3.723,23.42,25458956340461,54037.01,59.25
2024-09-06 23:00:00,5413.61,18443.1563,3.712,22.8,25458956340461,53888.4,58.86
2024-09-07 00:00:00,5412.34,18450.8053,3.708,22.76,25458956340461,53300.0,59.13
2024-09-07 01:00:00,5409.64,18423.6613,3.716,22.4,25458956340461,53478.7,59.68
2024-09-09 18:00:00,5408.43,18421.3121,3.736,21.26,25458956340461,55339.34,58.83
2024-09-09 19:00:00,5459.99,18656.2049,3.727,20.84,25458956340461,55688.55,58.78
2024-09-09 20:00:00,5440.11,18489.148,3.708,20.66,25458956340461,54830.0,58.89
2024-09-09 21:00:00,5467.1,18609.0263,3.704,20.37,25458956340461,55384.0,58.75
2024-09-09 22:00:00,5482.44,18677.5465,3.7,19.63,25458956340461,56446.69,58.79
2024-09-09 23:00:00,5464.7,18608.795,3.704,19.52,25458956340461,56531.64,58.91
2024-09-10 00:00:00,5458.16,18574.8649,3.697,20.22,25458956340461,56545.74,58.81
2024-09-10 01:00:00,5471.15,18662.7017,3.702,19.81,25458956340461,57101.12,58.87
2024-09-10 18:00:00,5471.06,18660.7804,3.697,19.35,25458956340461,57192.77,57.03
2024-09-10 19:00:00,5484.98,18733.1501,3.7,19.18,25458956340461,56727.14,57.31
2024-09-10 20:00:00,5471.78,18698.5742,3.678,19.57,25458956340461,56937.7,57.68
2024-09-10 21:00:00,5448.78,18604.6228,3.648,19.52,25458956340461,56589.71,58.4
2024-09-10 22:00:00,5459.03,18662.318,3.663,20.06,25458956340461,56810.46,58.35
2024-09-10 23:00:00,5476.44,18753.0021,3.648,19.73,25458956340461,57174.7,58.23
2024-09-11 00:00:00,5489.17,18794.9699,3.644,19.08,25458956340461,57593.07,58.0
2024-09-11 01:00:00,5496.57,18827.5227,3.646,19.21,25458956340461,57960.57,58.09
2024-09-11 18:00:00,5495.53,18829.1359,3.676,19.01,25458956340461,56740.48,54.29
2024-09-11 19:00:00,5455.81,18774.7228,3.644,19.22,25458956340461,55718.6,54.89
2024-09-11 20:00:00,5418.45,18583.5211,3.625,21.07,25458956340461,55954.45,55.48
2024-09-11 21:00:00,5451.71,18759.947,3.648,19.75,25458956340461,56706.02,54.97
2024-09-11 22:00:00,5480.57,18882.3399,3.665,18.97,25458956340461,57317.44,55.25
2024-09-11 23:00:00,5507.22,19011.6359,3.672,18.58,25458956340461,57709.84,55.54
2024-09-12 00:00:00,5524.18,19102.5658,3.653,18.06,25458956340461,57529.77,55.81
2024-09-12 01:00:00,5558.23,19231.0301,3.655,18.08,25458956340461,57604.58,55.66
2024-09-12 18:00:00,5554.14,19237.3042,3.648,17.77,25458956340461,57692.14,54.8
2024-09-12 19:00:00,5545.51,19235.3915,3.663,18.04,25458956340461,57619.34,54.67
2024-09-12 20:00:00,5552.49,19261.2391,3.689,17.66,25458956340461,57533.42,54.73
2024-09-12 21:00:00,5552.08,19240.5492,3.68,17.78,25458956340461,57499.0,54.82
2024-09-12 22:00:00,5578.55,19357.779,3.697,17.61,25458956340461,58063.99,54.7
2024-09-12 23:00:00,5598.85,19441.7987,3.689,17.25,25458956340461,58395.4,54.65
2024-09-13 00:00:00,5593.71,19428.8591,3.678,17.07,25458956340461,58183.48,54.52
2024-09-13 01:00:00,5596.75,19426.0158,3.681,16.9,25458956340461,58407.05,54.41
2024-09-13 18:00:00,5595.75,19423.0691,3.663,16.95,25458956340461,57903.42,53.96
2024-09-13 19:00:00,5616.51,19449.7432,3.666,16.98,25458956340461,58056.79,54.01
2024-09-13 20:00:00,5624.67,19494.2092,3.666,16.64,25458956340461,58463.66,54.03
2024-09-13 21:00:00,5632.63,19515.5886,3.659,16.36,25458956340461,59689.81,54.02
2024-09-13 22:00:00,5628.52,19522.6114,3.648,16.57,25458956340461,59461.84,53.74
2024-09-13 23:00:00,5632.18,19542.3055,3.644,16.23,25458956340461,59608.5,53.91
2024-09-14 00:00:00,5620.72,19495.9206,3.649,16.69,25458956340461,59781.59,53.68
2024-09-14 01:00:00,5625.11,19512.2332,3.659,16.61,25458956340461,59760.46,53.42
2024-09-16 18:00:00,5626.01,19514.5847,3.651,17.09,25458956340461,58514.29,53.06
2024-09-16 19:00:00,5630.03,19418.6807,3.655,17.42,25458956340461,58483.08,53.22
2024-09-16 20:00:00,5612.16,19326.068,3.633,17.48,25458956340461,57584.22,53.91
2024-09-16 21:00:00,5617.76,19352.6077,3.633,17.57,25458956340461,57863.49,53.18
2024-09-16 22:00:00,5620.32,19368.5722,3.625,17.38,25458956340461,57803.63,53.54
2024-09-16 23:00:00,5630.28,19415.6491,3.619,17.01,25458956340461,58155.76,53.72
2024-09-17 00:00:00,5632.01,19419.0666,3.621,16.96,25458956340461,57880.62,53.75
2024-09-17 01:00:00,5631.97,19425.2063,3.621,16.95,25458956340461,57936.06,53.47
2024-09-17 18:00:00,5633.08,19423.0638,3.633,17.09,25458956340461,59381.13,54.61
2024-09-17 19:00:00,5650.41,19515.523,3.647,17.24,25458956340461,58972.03,54.49
2024-09-17 20:00:00,5656.09,19523.2286,3.636,16.82,25458956340461,60288.25,54.73
2024-09-17 21:00:00,5654.92,19526.3299,3.642,17.02,25458956340461,61147.56,54.68
2024-09-17 22:00:00,5623.55,19392.4862,3.644,17.52,25458956340461,60885.67,54.09
2024-09-17 23:00:00,5631.62,19416.4559,3.649,17.65,25458956340461,60969.03,54.02
2024-09-18 00:00:00,5625.35,19392.3336,3.64,17.56,25458956340461,60550.61,53.85
2024-09-18 01:00:00,5634.39,19434.0056,3.644,17.69,25458956340461,59975.42,54.26
2024-09-18 19:00:00,5634.57,19458.6865,3.681,18.83,25458956340461,59496.64,54.93
2024-09-18 20:00:00,5633.01,19444.0562,3.696,18.95,25458956340461,59481.26,54.5
2024-09-18 21:00:00,5621.59,19356.36,3.689,18.88,25458956340461,59427.16,54.52
2024-09-18 22:00:00,5641.09,19459.6479,3.677,18.78,25458956340461,59909.82,54.46
2024-09-18 23:00:00,5637.16,19447.2628,3.7,18.45,25458956340461,60024.62,54.49
2024-09-19 00:00:00,5645.21,19492.8542,3.687,17.52,25458956340461,60628.79,52.96
2024-09-19 01:00:00,5618.18,19346.3415,3.711,17.99,25458956340461,60061.01,52.52
2024-09-19 18:00:00,5618.25,19344.4942,3.768,16.65,25458956340461,62941.58,51.83
2024-09-19 19:00:00,5702.02,19763.5988,3.741,16.4,25458956340461,63052.31,52.25
2024-09-19 20:00:00,5704.34,19819.8374,3.726,16.33,25458956340461,62943.88,52.55
2024-09-19 21:00:00,5708.86,19856.2145,3.738,16.58,25458956340461,63164.23,52.18
2024-09-19 22:00:00,5720.09,19908.084,3.745,16.71,25458956340461,63582.5,52.26
2024-09-19 23:00:00,5730.18,19943.6722,3.745,16.88,25458956340461,63742.72,52.36
2024-09-20 00:00:00,5724.35,19898.7074,3.738,16.85,25458956340461,63661.13,52.38
2024-09-20 01:00:00,5714.14,19836.8767,3.723,16.52,25458956340461,63266.78,52.34
2024-09-20 19:00:00,5692.89,19762.0599,3.749,16.03,25458956340461,62842.33,52.66
2024-09-20 20:00:00,5686.58,19709.5079,3.756,16.0,25458956340461,63041.47,51.95
2024-09-20 21:00:00,5692.13,19740.763,3.738,16.34,25458956340461,63159.19,51.52
2024-09-20 22:00:00,5704.29,19786.5168,3.719,15.87,25458956340461,62863.69,51.06
2024-09-20 23:00:00,5703.22,19763.4517,3.73,15.86,25458956340461,62700.45,50.25
2024-09-21 00:00:00,5697.7,19766.4483,3.73,16.6,25458956340461,62866.18,50.56
2024-09-21 01:00:00,5702.11,19794.1774,3.734,15.87,25458956340461,62806.9,50.28
2024-09-23 18:00:00,5702.54,19791.4885,3.768,16.39,25458956340461,63299.58,50.87
2024-09-23 19:00:00,5710.94,19837.5624,3.787,16.24,25458956340461,63174.22,50.76
2024-09-23 20:00:00,5721.13,19866.295,3.781,16.07,25458956340461,63389.24,50.91
2024-09-23 21:00:00,5718.56,19876.1561,3.753,15.93,25458956340461,63613.08,50.9
2024-09-23 22:00:00,5708.95,19819.7516,3.738,16.01,25458956340461,63230.65,50.71
2024-09-23 23:00:00,5715.54,19846.6737,3.738,16.05,25458956340461,63313.87,50.57
2024-09-24 00:00:00,5717.42,19856.2162,3.739,15.92,25458956340461,63427.57,50.57
2024-09-24 01:00:00,5718.53,19851.4468,3.749,15.79,25458956340461,63297.31,50.61
2024-09-24 18:00:00,5718.58,19852.1979,3.798,16.0,25458956340461,63448.37,50.99
2024-09-24 19:00:00,5715.33,19861.9707,3.785,15.79,25458956340461,63525.47,50.97
2024-09-24 20:00:00,5717.94,19847.8288,3.745,16.57,25458956340461,63187.49,50.71
2024-09-24 21:00:00,5728.48,19957.2438,3.755,15.79,25458956340461,63154.87,50.61
2024-09-24 22:00:00,5726.86,19940.1987,3.745,15.63,25458956340461,63256.75,50.43
2024-09-24 23:00:00,5727.12,19940.3289,3.741,15.68,25458956340461,63774.74,51.05
2024-09-25 00:00:00,5727.05,19922.8833,3.737,15.6,25458956340461,63720.68,50.97
2024-09-25 01:00:00,5734.34,19946.9232,3.734,15.52,25458956340461,64300.87,51.15
2024-09-25 19:00:00,5737.56,20006.578,3.766,15.36,25458956340461,63754.71,50.35
2024-09-25 20:00:00,5734.41,20005.4804,3.775,15.23,25458956340461,63933.5,50.18
2024-09-25 21:00:00,5729.53,19981.6783,3.772,15.22,25458956340461,63502.98,50.23
2024-09-25 22:00:00,5721.92,19956.9603,3.775,15.21,25458956340461,63460.75,50.07
2024-09-25 23:00:00,5725.05,19977.5397,3.775,15.53,25458956340461,63159.08,49.8
2024-09-26 00:00:00,5722.73,19965.9639,3.779,15.44,25458956340461,63337.9,49.75
2024-09-26 18:00:00,5722.27,19972.6079,3.798,15.2,25458956340461,64482.57,50.71
2024-09-26 19:00:00,5757.87,20202.9077,3.791,15.24,25458956340461,64450.31,50.45
2024-09-26 20:00:00,5733.79,19990.0195,3.794,15.4,25458956340461,64435.05,50.79
2024-09-26 21:00:00,5746.92,20094.6685,3.808,15.6,25458956340461,65251.22,51.28
2024-09-26 22:00:00,5732.55,20026.9179,3.811,15.65,25458956340461,65354.62,51.48
2024-09-26 23:00:00,5737.07,20050.7714,3.798,15.54,25458956340461,65167.47,51.79
2024-09-27 00:00:00,5744.41,20112.2346,3.791,15.42,25458956340461,65311.52,51.83
2024-09-27 01:00:00,5747.54,20112.9587,3.794,15.59,25458956340461,64722.33,51.84
2024-09-27 18:00:00,5745.36,20115.538,3.752,15.28,25458956340461,65750.01,51.74
2024-09-27 19:00:00,5751.93,20105.6991,3.76,15.39,25458956340461,65687.51,51.82
2024-09-27 20:00:00,5759.25,20084.728,3.775,15.34,25458956340461,66280.15,51.95
2024-09-27 21:00:00,5745.84,20017.574,3.76,15.48,25458956340461,66025.0,52.13
2024-09-27 22:00:00,5744.39,20043.0671,3.749,15.73,25458956340461,66325.58,51.54
2024-09-27 23:00:00,5746.16,20058.1529,3.752,16.04,25458956340461,65926.6,51.75
2024-09-28 00:00:00,5743.84,20029.3833,3.749,16.56,25458956340461,65894.62,51.53
2024-09-28 01:00:00,5736.99,20005.3832,3.749,16.5,25458956340461,65664.45,51.56
2024-09-30 18:00:00,5738.16,20008.6241,3.785,17.3,25458956340461,64034.59,54.27
2024-09-30 19:00:00,5728.23,19991.2213,3.76,17.09,25458956340461,63865.41,54.33
2024-09-30 20:00:00,5734.14,19961.633,3.775,17.05,25458956340461,63739.61,54.43
2024-09-30 21:00:00,5736.81,19989.1233,3.783,16.96,25458956340461,63548.32,55.37
2024-09-30 23:00:00,5737.32,19990.8471,3.77,17.05,25458956340461,63666.13,54.87
2024-10-01 00:00:00,5727.22,19937.0438,3.802,16.93,25458956340461,63305.79,55.13
2024-10-01 01:00:00,5760.91,20055.7528,3.79,16.87,25458956340461,63464.76,54.49
2024-10-01 18:00:00,5762.49,20060.6866,3.741,16.89,25458956340461,63659.29,55.3
2024-10-01 19:00:00,5716.71,19838.5786,3.715,18.54,25458956340461,62849.19,56.14
2024-10-01 20:00:00,5701.94,19729.4216,3.718,19.49,25458956340461,62570.81,56.49
2024-10-01 21:00:00,5705.26,19722.7537,3.722,19.03,25458956340461,62614.01,56.46
2024-10-01 22:00:00,5705.07,19730.5163,3.718,19.52,25458956340461,62438.96,56.29
2024-10-01 23:00:00,5714.25,19790.9289,3.743,19.52,25458956340461,62134.05,56.35
2024-10-02 00:00:00,5725.64,19846.3323,3.743,18.49,25458956340461,61965.35,56.08
2024-10-02 01:00:00,5708.41,19772.8422,3.739,19.03,25458956340461,61745.74,55.97
2024-10-02 18:00:00,5708.74,19773.3027,3.802,19.31,25458956340461,60789.27,56.92
2024-10-02 19:00:00,5692.41,19715.1587,3.809,20.08,25458956340461,61336.02,57.25
2024-10-02 20:00:00,5704.41,19792.6231,3.806,18.96,25458956340461,61065.28,56.84
2024-10-02 21:00:00,5715.99,19851.0812,3.783,18.83,25458956340461,61889.99,56.74
2024-10-02 22:00:00,5700.36,19780.0079,3.79,18.85,25458956340461,61802.0,56.55
2024-10-02 23:00:00,5711.57,19838.235,3.779,19.03,25458956340461,61619.14,56.38
2024-10-03 00:00:00,5710.04,19818.3302,3.785,19.03,25458956340461,60752.65,56.21
2024-10-03 01:00:00,5709.19,19800.9881,3.781,18.85,25458956340461,60164.4,56.25
2024-10-03 18:00:00,5709.55,19802.5848,3.821,19.75,25458956340461,60454.15,57.11
2024-10-03 19:00:00,5699.98,19825.8605,3.815,19.88,25458956340461,60361.35,57.28
2024-10-03 20:00:00,5688.26,19746.4535,3.829,20.02,25458956340461,60152.65,57.29
2024-10-03 21:00:00,5705.93,19835.0842,3.83,19.94,25458956340461,60621.4,57.23
2024-10-03 22:00:00,5685.08,19724.1536,3.829,19.93,25458956340461,60157.86,57.11
2024-10-03 23:00:00,5691.74,19760.5139,3.836,20.33,25458956340461,60613.51,57.15
2024-10-04 00:00:00,5688.88,19747.3132,3.852,20.31,25458956340461,60711.67,57.31
2024-10-04 01:00:00,5700.62,19790.6231,3.852,20.48,25458956340461,61030.5,57.32
2024-10-04 18:00:00,5699.95,19793.3429,3.944,19.05,25458956340461,61914.4,57.19
2024-10-04 19:00:00,5720.72,19892.0946,3.94,19.35,25458956340461,61559.22,57.17
2024-10-04 20:00:00,5720.54,19929.2968,3.963,19.98,25458956340461,61224.15,57.12
2024-10-04 21:00:00,5724.46,19938.823,3.958,19.77,25458956340461,61864.87,57.03
2024-10-04 22:00:00,5730.26,19955.4962,3.971,18.93,25458956340461,62242.75,55.89
2024-10-04 23:00:00,5722.37,19920.2184,3.971,19.49,25458956340461,61983.8,55.83
2024-10-05 00:00:00,5734.71,19970.7353,3.981,19.21,25458956340461,62351.9,55.86
2024-10-05 01:00:00,5749.62,20031.3206,3.975,18.72,25458956340461,62373.62,55.88
2024-10-07 18:00:00,5751.06,20035.0169,4.028,20.97,25458956340461,62865.24,56.17
2024-10-07 19:00:00,5728.02,19920.9773,4.022,20.96,25458956340461,63453.64,56.24
2024-10-07 20:00:00,5733.28,19972.3178,4.026,20.82,25458956340461,63976.65,56.3
2024-10-07 21:00:00,5732.05,19963.2482,4.026,20.81,25458956340461,63641.31,56.35
2024-10-07 22:00:00,5726.48,19943.2464,4.026,21.16,25458956340461,63800.99,56.1
2024-10-07 23:00:00,5724.57,19956.3097,4.016,21.28,25458956340461,63808.35,55.78
2024-10-08 00:00:00,5687.38,19778.4602,4.026,22.27,25458956340461,62834.76,55.6
2024-10-08 01:00:00,5695.05,19804.8465,4.026,22.7,25458956340461,63368.59,55.69
2024-10-08 18:00:00,5695.93,19800.7395,4.039,21.97,25458956340461,62412.28,55.56
2024-10-08 19:00:00,5726.98,19960.1538,4.053,21.98,25458956340461,63009.96,55.05
2024-10-08 20:00:00,5738.95,20046.0051,4.037,21.49,25458956340461,62748.68,55.11
2024-10-08 21:00:00,5742.48,20059.7277,4.022,21.32,25458956340461,62258.27,55.94
2024-10-08 22:00:00,5738.72,20036.8502,4.028,21.38,25458956340461,62526.88,55.94
2024-10-08 23:00:00,5737.4,20036.2483,4.029,21.63,25458956340461,62359.69,55.79
2024-10-09 00:00:00,5747.53,20078.2604,4.033,21.34,25458956340461,62076.53,55.79
2024-10-09 01:00:00,5750.68,20106.628,4.018,21.19,25458956340461,62216.84,55.59
2024-10-09 18:00:00,5751.14,20107.7767,4.037,21.4,25458956340461,61919.39,56.33
2024-10-09 19:00:00,5754.61,20075.2573,4.047,21.39,25458956340461,61739.71,56.51
2024-10-09 20:00:00,5769.09,20169.356,4.043,21.03,25458956340461,61819.7,56.38
2024-10-09 21:00:00,5789.15,20251.1121,4.049,20.87,25458956340461,62266.46,56.49
2024-10-09 22:00:00,5778.83,20204.37,4.065,20.84,25458956340461,61766.5,56.49
2024-10-09 23:00:00,5777.87,20205.1433,4.075,20.88,25458956340461,61699.85,56.46
2024-10-10 00:00:00,5781.96,20239.2835,4.069,20.81,25458956340461,61137.69,56.33
2024-10-10 01:00:00,5791.98,20268.8466,4.067,20.75,25458956340461,60968.18,56.51
2024-10-10 18:00:00,5792.05,20268.8591,4.069,20.92,25458956340461,60902.09,55.17
2024-10-10 19:00:00,5774.2,20177.3379,4.086,21.26,25458956340461,60869.54,55.23
2024-10-10 20:00:00,5773.5,20197.5527,4.1,20.94,25458956340461,60522.71,54.91
2024-10-10 21:00:00,5788.97,20285.5478,4.08,20.92,25458956340461,60730.19,55.02
2024-10-10 22:00:00,5781.3,20249.8402,4.11,20.94,25458956340461,60225.51,54.81
2024-10-10 23:00:00,5780.97,20254.6327,4.1,21.07,25458956340461,59525.95,56.09
2024-10-11 00:00:00,5772.11,20229.9074,4.094,21.13,25458956340461,59414.25,56.53
2024-10-11 01:00:00,5780.53,20241.6267,4.075,21.03,25458956340461,59670.0,56.28
2024-10-11 18:00:00,5780.04,20241.761,4.1,20.84,25458956340461,61346.09,55.38
2024-10-11 19:00:00,5793.97,20181.9517,4.098,20.63,25458956340461,61650.36,55.7
2024-10-11 20:00:00,5810.58,20249.6649,4.09,20.69,25458956340461,61731.59,55.79
2024-10-11 21:00:00,5815.68,20287.3212,4.081,20.46,25458956340461,62263.45,55.99
2024-10-11 22:00:00,5807.86,20262.2935,4.069,20.61,25458956340461,62263.96,56.04
2024-10-11 23:00:00,5810.46,20259.2952,4.073,20.4,25458956340461,62916.76,56.33
2024-10-12 00:00:00,5816.16,20286.9136,4.073,20.19,25458956340461,62927.48,56.41
2024-10-12 01:00:00,5814.9,20270.7328,4.085,20.38,25458956340461,63094.66,56.73
2024-10-14 18:00:00,5815.04,20271.9739,4.082578,20.57,25458956340461,64844.76,58.58
2024-10-14 19:00:00,5852.33,20486.8896,4.141667,20.44,25458956340461,65121.79,57.94
2024-10-14 20:00:00,5847.87,20388.4553,4.141667,20.06,25458956340461,65893.74,59.45
2024-10-14 21:00:00,5853.84,20405.3438,4.129823,19.97,25458956340461,65856.72,58.82
2024-10-14 22:00:00,5857.43,20423.5563,4.129823,19.83,25458956340461,65668.67,58.11
2024-10-14 23:00:00,5855.31,20429.5796,4.129823,19.83,25458956340461,65607.44,57.96
2024-10-15 00:00:00,5861.69,20446.6273,4.129823,19.88,25458956340461,65746.65,57.85
2024-10-15 01:00:00,5860.71,20439.1206,4.125878,19.85,25458956340461,65914.86,57.6
2024-10-15 18:00:00,5859.86,20439.0455,4.049,19.71,25458956340461,65787.31,56.99
2024-10-15 19:00:00,5860.04,20450.9242,4.055,19.46,25458956340461,67651.84,58.7
2024-10-15 20:00:00,5838.3,20227.4139,4.049,20.07,25458956340461,65364.45,58.44
2024-10-15 21:00:00,5832.46,20180.3193,4.034,20.0,25458956340461,65993.4,58.27
2024-10-15 22:00:00,5836.28,20203.5992,4.045,19.97,25458956340461,66853.99,59.27
2024-10-15 23:00:00,5828.28,20185.601,4.041,20.16,25458956340461,66802.52,58.43
2024-10-16 00:00:00,5819.25,20153.7447,4.038,20.51,25458956340461,66885.69,59.41
2024-10-16 01:00:00,5817.86,20166.2959,4.034,20.81,25458956340461,66975.69,58.59
2024-10-16 18:00:00,5815.25,20159.8261,4.022,20.71,25458956340461,67825.25,60.0
2024-10-16 19:00:00,5809.06,20052.5572,4.004,21.0,25458956340461,67373.94,59.59
2024-10-16 20:00:00,5819.27,20098.3645,4.014,20.44,25458956340461,67663.83,59.4
2024-10-16 21:00:00,5820.89,20101.8694,4.01,20.19,25458956340461,67748.4,59.35
2024-10-16 22:00:00,5832.23,20158.7691,4.014,20.1,25458956340461,67806.37,59.2
2024-10-16 23:00:00,5835.01,20159.9915,4.014,20.0,25458956340461,67932.3,59.32
2024-10-17 00:00:00,5842.63,20183.1169,4.016,19.72,25458956340461,67817.18,59.16
2024-10-17 01:00:00,5842.32,20174.4264,4.014,19.68,25458956340461,67725.74,58.79
2024-10-17 18:00:00,5842.48,20174.0493,4.065,19.23,25458956340461,67143.54,56.84
2024-10-17 19:00:00,5858.47,20258.1081,4.089,19.55,25458956340461,66989.86,57.01
2024-10-17 20:00:00,5849.75,20230.9399,4.093,19.42,25458956340461,67090.61,56.92
2024-10-17 21:00:00,5866.33,20333.7942,4.089,19.1,25458956340461,67567.62,56.59
2024-10-17 22:00:00,5862.5,20291.7696,4.096,19.04,25458956340461,67370.25,56.43
2024-10-17 23:00:00,5862.73,20306.4266,4.1,19.03,25458956340461,67273.3,56.48
2024-10-18 00:00:00,5852.0,20256.2674,4.096,19.15,25458956340461,66910.18,56.29
2024-10-18 01:00:00,5841.47,20190.995,4.089,18.99,25458956340461,66825.0,56.31
2024-10-18 18:00:00,5841.48,20190.4243,4.081,19.08,25458956340461,67637.58,54.94
2024-10-18 19:00:00,5851.47,20315.5768,4.069,19.06,25458956340461,68189.13,55.36
2024-10-18 20:00:00,5853.04,20296.6193,4.069,18.4,25458956340461,68429.13,55.68
2024-10-18 21:00:00,5857.4,20308.8531,4.073,18.21,25458956340461,68735.25,56.33
2024-10-18 22:00:00,5866.1,20334.1877,4.065,18.17,25458956340461,68793.19,54.56
2024-10-18 23:00:00,5864.4,20325.1376,4.079,18.08,25458956340461,68722.28,55.14
2024-10-19 00:00:00,5867.48,20329.3539,4.073,18.16,25458956340461,68912.24,54.87
2024-10-19 01:00:00,5864.51,20323.3686,4.081,18.25,25458956340461,68602.94,54.96
2024-10-21 18:00:00,5864.68,20324.0416,4.136,19.09,25458956340461,68161.72,54.47
2024-10-21 19:00:00,5859.14,20335.7127,4.148,18.92,25458956340461,67265.7,55.33
2024-10-21 20:00:00,5844.22,20270.3753,4.16,18.8,25458956340461,67238.81,55.31
2024-10-21 21:00:00,5842.05,20291.6294,4.172,19.24,25458956340461,67310.58,55.09
2024-10-21 22:00:00,5846.83,20307.4296,4.18,18.96,25458956340461,67279.33,55.18
2024-10-21 23:00:00,5851.3,20333.683,4.176,18.61,25458956340461,67474.11,55.38
2024-10-22 00:00:00,5842.19,20296.294,4.184,18.64,25458956340461,67286.78,55.39
2024-10-22 01:00:00,5854.77,20362.8114,4.188,18.61,25458956340461,67735.4,55.63
2024-10-22 18:00:00,5853.97,20361.4663,4.188,19.34,25458956340461,66935.88,54.98
2024-10-22 19:00:00,5831.89,20306.7751,4.184,19.23,25458956340461,66953.51,54.74
2024-10-22 20:00:00,5838.31,20334.7276,4.192,19.1,25458956340461,67519.14,55.64
2024-10-22 21:00:00,5838.7,20318.8316,4.212,18.73,25458956340461,67230.38,55.56
2024-10-22 22:00:00,5843.92,20337.7499,4.2,18.81,25458956340461,66909.57,55.36
2024-10-22 23:00:00,5858.12,20412.9097,4.196,18.58,25458956340461,67279.5,55.52
2024-10-23 00:00:00,5848.72,20364.0881,4.204,18.54,25458956340461,67334.26,55.54
2024-10-23 01:00:00,5851.08,20382.7819,4.2,18.21,25458956340461,67439.11,55.8
2024-10-23 18:00:00,5851.19,20383.6453,4.24,18.68,25458956340461,66366.29,55.63
2024-10-23 19:00:00,5831.42,20281.9054,4.256,18.6,25458956340461,66744.61,56.15
2024-10-23 20:00:00,5823.29,20244.8024,4.246,18.48,25458956340461,66425.78,55.9
2024-10-23 21:00:00,5816.48,20205.476,4.224,18.96,25458956340461,66152.33,55.68
2024-10-23 22:00:00,5799.56,20100.9895,4.226,19.2,25458956340461,65794.4,56.13
2024-10-23 23:00:00,5777.15,19980.7073,4.252,19.73,25458956340461,65620.35,56.49
2024-10-24 00:00:00,5789.66,20027.7086,4.244,19.71,25458956340461,65962.06,56.14
2024-10-24 01:00:00,5797.58,20068.6279,4.232,19.4,25458956340461,66393.44,56.08
2024-10-24 18:00:00,5797.43,20066.9559,4.22,18.66,25458956340461,67453.22,55.26
2024-10-24 19:00:00,5812.55,20188.7278,4.23,19.03,25458956340461,67837.91,55.65
2024-10-24 20:00:00,5806.12,20163.846,4.2,19.06,25458956340461,67724.48,55.93
2024-10-24 21:00:00,5799.38,20178.6047,4.204,19.47,25458956340461,67635.99,56.14
2024-10-24 22:00:00,5806.63,20204.7853,4.198,19.58,25458956340461,67522.16,56.33
2024-10-24 23:00:00,5802.86,20195.5172,4.184,19.18,25458956340461,67596.32,56.72
2024-10-25 00:00:00,5806.51,20217.8456,4.2,19.42,25458956340461,67784.84,56.77
2024-10-25 01:00:00,5809.25,20231.7931,4.206,19.05,25458956340461,68269.33,56.68
2024-10-25 18:00:00,5809.87,20232.8724,4.186,18.79,25458956340461,68022.14,54.89
2024-10-25 19:00:00,5851.29,20500.5254,4.19,18.5,25458956340461,68281.72,55.32
2024-10-25 20:00:00,5853.15,20509.5732,4.212,18.42,25458956340461,68274.22,55.71
2024-10-25 21:00:00,5840.37,20475.6734,4.216,18.81,25458956340461,67650.56,55.72
2024-10-25 22:00:00,5838.9,20493.0676,4.216,18.73,25458956340461,67622.56,55.7
2024-10-25 23:00:00,5810.67,20369.6218,4.22,19.82,25458956340461,66762.11,55.53
2024-10-26 00:00:00,5820.55,20399.4363,4.232,19.71,25458956340461,66915.42,56.94
2024-10-26 01:00:00,5807.99,20353.5412,4.24,20.0,25458956340461,66725.35,56.79
2024-10-28 18:00:00,5808.11,20352.0153,4.24,19.26,25458956340461,68838.91,56.12
2024-10-28 19:00:00,5832.98,20414.5031,4.248,19.08,25458956340461,68769.0,56.29
2024-10-28 20:00:00,5837.0,20434.9462,4.264,19.22,25458956340461,68783.39,56.03
2024-10-28 21:00:00,5827.82,20392.052,4.296,19.55,25458956340461,68428.44,56.04
2024-10-28 22:00:00,5828.42,20391.8117,4.292,19.6,25458956340461,68663.71,56.03
2024-10-28 23:00:00,5834.9,20412.1966,4.282,19.23,25458956340461,68951.93,56.37
2024-10-29 00:00:00,5830.19,20383.9443,4.278,19.36,25458956340461,69175.0,56.7
2024-10-29 01:00:00,5824.55,20351.5525,4.27,19.54,25458956340461,69616.92,57.31
2024-10-29 18:00:00,5823.51,20351.0682,4.324,20.13,25458956340461,71061.86,58.0
2024-10-29 19:00:00,5817.45,20374.7066,4.322,20.52,25458956340461,71774.14,58.03
2024-10-29 20:00:00,5832.01,20457.7489,4.312,19.55,25458956340461,71838.87,58.23
2024-10-29 21:00:00,5831.99,20478.6424,4.318,19.48,25458956340461,72402.22,59.08
2024-10-29 22:00:00,5837.81,20504.1627,4.326,19.39,25458956340461,72732.17,59.37
2024-10-29 23:00:00,5837.83,20529.0391,4.292,19.36,25458956340461,72703.81,59.53
2024-10-30 00:00:00,5842.35,20550.001,4.276,19.18,25458956340461,73168.16,59.97
2024-10-30 01:00:00,5834.77,20554.7767,4.268,19.48,25458956340461,72512.31,60.56
2024-10-30 18:00:00,5832.91,20550.6527,4.258,19.7,25458956340461,71849.29,58.33
2024-10-30 19:00:00,5837.15,20495.5507,4.208,19.97,25458956340461,71940.21,59.13
2024-10-30 20:00:00,5842.39,20513.3852,4.252,19.49,25458956340461,72404.01,59.05
2024-10-30 21:00:00,5848.65,20530.7659,4.26,19.6,25458956340461,72040.42,58.55
2024-10-30 22:00:00,5838.06,20509.2858,4.252,19.55,25458956340461,72099.99,58.06
2024-10-30 23:00:00,5824.51,20441.5833,4.26,20.11,25458956340461,71873.59,57.73
2024-10-31 00:00:00,5829.91,20465.4427,4.264,19.93,25458956340461,71960.98,57.54
2024-10-31 01:00:00,5816.9,20399.8458,4.28,20.11,25458956340461,71817.56,57.73
2024-10-31 18:00:00,5813.66,20387.6997,4.294,21.31,25458956340461,72102.89,60.01
2024-10-31 19:00:00,5754.42,20035.6194,4.321,21.31,25458956340461,71282.6,59.93
2024-10-31 20:00:00,5728.3,19959.3229,4.321,22.28,25458956340461,70721.36,59.23
2024-10-31 21:00:00,5725.95,19935.7196,4.296,23.07,25458956340461,70573.63,59.02
2024-10-31 22:00:00,5730.11,19952.968,4.284,22.63,25458956340461,70333.42,58.9
2024-10-31 23:00:00,5720.53,19904.6471,4.272,22.75,25458956340461,70740.51,58.25
2024-11-01 00:00:00,5723.69,19916.6632,4.282,23.13,25458956340461,70566.82,58.16
2024-11-01 01:00:00,5703.28,19883.2681,4.286,22.7,25458956340461,69963.39,58.01
2024-11-01 18:00:00,5705.44,19890.4155,4.234,21.97,25458956340461,70294.48,58.94
2024-11-01 19:00:00,5749.01,20048.3879,4.285,21.56,25458956340461,71149.22,58.72
2024-11-01 20:00:00,5761.53,20115.1676,4.329,21.33,25458956340461,71258.6,59.66
2024-11-01 21:00:00,5754.24,20103.0204,4.349,21.49,25458956340461,69364.48,59.74
2024-11-01 22:00:00,5747.17,20088.5402,4.341,21.57,25458956340461,69905.99,59.8
2024-11-01 23:00:00,5734.44,20040.9872,4.357,22.1,25458956340461,69552.21,59.5
2024-11-02 00:00:00,5739.17,20046.4416,4.361,22.16,25458956340461,69099.91,59.28
2024-11-02 01:00:00,5728.42,20032.1541,4.374,22.1,25458956340461,69211.34,59.05
2024-11-04 19:00:00,5728.81,20033.1418,4.281,22.34,25458956340461,68619.94,63.7
2024-11-04 20:00:00,5731.3,20014.2086,4.279,22.93,25458956340461,68358.01,63.23
2024-11-04 21:00:00,5732.94,20067.2241,4.293,22.22,25458956340461,68612.35,62.89
2024-11-04 22:00:00,5705.28,19961.1129,4.297,22.45,25458956340461,67708.93,62.67
2024-11-04 23:00:00,5721.67,20011.3083,4.305,22.26,25458956340461,67794.73,61.93
2024-11-05 00:00:00,5723.23,20028.8572,4.313,22.11,25458956340461,67604.68,62.04
2024-11-05 01:00:00,5722.02,20019.9572,4.309,21.91,25458956340461,67799.08,61.79
2024-11-05 02:00:00,5713.65,19966.5728,4.299,22.23,25458956340461,67279.04,62.3
2024-11-05 19:00:00,5712.68,19963.6024,4.325,21.8,25458956340461,68779.64,62.1
2024-11-05 20:00:00,5756.29,20169.7941,4.325,21.2,25458956340461,69957.01,62.79
2024-11-05 21:00:00,5756.89,20139.23,4.355,20.44,25458956340461,69620.92,62.93
2024-11-05 22:00:00,5771.13,20219.6991,4.358,20.3,25458956340461,70178.9,62.93
2024-11-05 23:00:00,5777.21,20231.613,4.353,20.34,25458956340461,69955.78,63.24
2024-11-06 00:00:00,5769.05,20191.7839,4.313,20.7,25458956340461,70242.64,62.81
2024-11-06 01:00:00,5767.05,20179.0507,4.289,20.6,25458956340461,68997.73,63.39
2024-11-06 02:00:00,5783.06,20227.0504,4.289,20.67,25458956340461,69439.54,63.87
2024-11-06 19:00:00,5782.77,20227.4564,4.453,15.78,25458956340461,74028.48,54.63
2024-11-06 20:00:00,5876.09,20551.2884,4.459,15.74,25458956340461,73699.36,55.69
2024-11-06 21:00:00,5886.54,20602.1972,4.457,16.16,25458956340461,74396.58,55.39
2024-11-06 22:00:00,5904.59,20673.312,4.465,16.1,25458956340461,74398.22,55.29
2024-11-06 23:00:00,5909.93,20687.3074,4.435,16.22,25458956340461,74504.53,55.37
